,meshcode,crossnmno,tonodeno,fromnodeno,nextflg,namelen,readinglen,name,reading,geometry
0,533936,1,78,5769,0,6,12,ñsÅö,¼­Äº³¼ÊÞº³´Ý,
1,533936,2,79,84,0,6,16,lè´ibs,ÊÏ»Þ·ÊÞ¼¼Þ¬Ý¸¼®Ý,
2,533936,3,83,5789,0,5,13,¬¯ibs,¼µÄÞÒ¼Þ¬Ý¸¼®Ý,
3,533936,4,85,5898,0,5,10,ñsÅY,¼­Äº³¼ÊÞ³×,
4,533936,5,88,5788,0,6,16,lè´ibs,ÊÏ»Þ·ÊÞ¼¼Þ¬Ý¸¼®Ý,
5,533936,6,89,3637,0,5,10,ñsâÀ,¼­Äº³·ÞÝ»Þ,
6,533936,7,91,3479,0,6,16,lè´ibs,ÊÏ»Þ·ÊÞ¼¼Þ¬Ý¸¼®Ý,
7,533936,8,93,6137,0,6,10,ñsVØê,¼­Äº³¼Ý·ÊÞ,
8,533936,9,96,424,0,6,13,VØê¿à,¼Ý·ÊÞØ®³·Ý¼Þ®,
9,533936,10,100,4720,0,5,8,ñs¼,¼­Äº³¶»²,
10,533936,11,101,5766,0,5,8,ñs¼,¼­Äº³¶»²,
11,533936,12,104,3498,0,6,10,ñsVØê,¼­Äº³¼Ý·ÊÞ,
12,533936,13,110,6734,0,5,11,¨äê,µÀÞ²ÊÞÁ­³µ³,
13,533936,14,110,98,0,5,11,¨äê,µÀÞ²ÊÞÁ­³µ³,
14,533936,15,111,6553,0,3,5,²Ì,ÕÒÉ¼Ï,
15,533936,16,111,6663,0,3,5,²Ì,ÕÒÉ¼Ï,
16,533936,17,113,110,0,5,11,¨äê,µÀÞ²ÊÞÁ­³µ³,
17,533936,18,113,5682,0,5,11,¨äê,µÀÞ²ÊÞÁ­³µ³,
18,533936,19,113,4827,0,5,11,¨äê,µÀÞ²ÊÞÁ­³µ³,
19,533936,20,114,3848,0,5,11,ªök,¼µ¶¾Þº³´Ý·À,
20,533936,21,116,130,0,2,3,C¤,ÀÂÐ,
21,533936,22,116,4412,0,2,3,C¤,ÀÂÐ,
22,533936,23,118,117,0,4,9,V´wO,¼ÝÊÞ¼´·Ï´,
23,533936,24,120,4879,0,4,9,ÅlÚ,¼ÊÞÖÝÁ®³Ò,
24,533936,25,120,121,0,4,9,ÅlÚ,¼ÊÞÖÝÁ®³Ò,
25,533936,26,120,1380,0,4,9,ÅlÚ,¼ÊÞÖÝÁ®³Ò,
26,533936,27,120,1381,0,4,9,ÅlÚ,¼ÊÞÖÝÁ®³Ò,
27,533936,28,121,2413,0,4,9,ÅlÚ,¼ÊÞÖÝÁ®³Ò,
28,533936,29,121,1417,0,4,9,ÅlÚ,¼ÊÞÖÝÁ®³Ò,
29,533936,30,121,4879,0,4,9,ÅlÚ,¼ÊÞÖÝÁ®³Ò,
30,533936,31,121,120,0,4,9,ÅlÚ,¼ÊÞÖÝÁ®³Ò,
31,533936,32,122,689,0,5,11,ÅYêÚ,¼ÊÞ³×²¯Á®³Ò,
32,533936,33,122,5122,0,5,11,ÅYêÚ,¼ÊÞ³×²¯Á®³Ò,
33,533936,34,122,5130,0,5,11,ÅYêÚ,¼ÊÞ³×²¯Á®³Ò,
34,533936,35,123,5408,0,3,8,ìl´,ÐÅÐÊÏÊÞ¼,
35,533936,36,123,5115,0,3,8,ìl´,ÐÅÐÊÏÊÞ¼,
36,533936,37,123,5123,0,3,8,ìl´,ÐÅÐÊÏÊÞ¼,
37,533936,38,123,5151,0,3,8,ìl´,ÐÅÐÊÏÊÞ¼,
38,533936,39,124,125,0,5,11,âÀªÚ,·ÞÝ»ÞÊ¯Á®³Ò,
39,533936,40,124,422,0,5,11,âÀªÚ,·ÞÝ»ÞÊ¯Á®³Ò,
40,533936,41,124,637,0,5,11,âÀªÚ,·ÞÝ»ÞÊ¯Á®³Ò,
41,533936,42,125,124,0,5,11,âÀµÚ,·ÞÝ»ÞÅÅÁ®³Ò,
42,533936,43,125,626,0,5,11,âÀµÚ,·ÞÝ»ÞÅÅÁ®³Ò,
43,533936,44,125,639,0,5,11,âÀµÚ,·ÞÝ»ÞÅÅÁ®³Ò,
44,533936,45,127,3957,0,7,13,¼ÕCöO,¶»²ØÝ¶²º³´ÝÏ´,
45,533936,46,127,3507,0,7,13,¼ÕCöO,¶»²ØÝ¶²º³´ÝÏ´,
46,533936,47,129,224,0,2,3,C¤,ÀÂÐ,
47,533936,48,129,533,0,2,3,C¤,ÀÂÐ,
48,533936,49,130,129,0,2,3,C¤,ÀÂÐ,
49,533936,50,130,5970,0,2,3,C¤,ÀÂÐ,
50,533936,51,140,5855,0,5,10,znlÚ,Â·¼ÞÖÝÁ®³Ò,
51,533936,52,140,137,0,5,10,znlÚ,Â·¼ÞÖÝÁ®³Ò,
52,533936,53,143,6286,0,5,10,znZÚ,Â·¼ÞÛ¸Á®³Ò,
53,533936,54,143,6562,0,5,10,znZÚ,Â·¼ÞÛ¸Á®³Ò,
54,533936,55,143,2908,0,5,10,znZÚ,Â·¼ÞÛ¸Á®³Ò,
55,533936,56,143,2546,0,5,10,znZÚ,Â·¼ÞÛ¸Á®³Ò,
56,533936,57,145,2172,0,5,10,Ç«´¼,¶ÁÄÞ·ÊÞ¼Æ¼,
57,533936,58,148,2991,0,5,9,ØêÜÚ,·ÊÞºÞÁ®³Ò,
58,533936,59,148,4661,0,5,9,ØêÜÚ,·ÊÞºÞÁ®³Ò,
59,533936,60,148,4051,0,5,9,ØêÜÚ,·ÊÞºÞÁ®³Ò,
60,533936,61,148,4428,0,5,9,ØêÜÚ,·ÊÞºÞÁ®³Ò,
61,533936,62,149,150,0,5,12,òC´¼l,»Ü³ÐÊÞ¼Æ¼ÂÞÒ,
62,533936,63,149,2915,0,5,12,òC´¼l,»Ü³ÐÊÞ¼Æ¼ÂÞÒ,
63,533936,64,151,5500,0,7,16,]±êüû,º³Ä³¼¹Ý¼Þ®³²Ø¸ÞÁ,
64,533936,65,151,2216,0,7,16,]±êüû,º³Ä³¼¹Ý¼Þ®³²Ø¸ÞÁ,
65,533936,66,154,5366,0,5,8,°CñÚ,ÊÙÐÆÁ®³Ò,
66,533936,67,154,597,0,5,8,°CñÚ,ÊÙÐÆÁ®³Ò,
67,533936,68,159,158,0,4,7,LFwO,ÄÖ½´·Ï´,
68,533936,69,159,5379,0,4,7,LFwO,ÄÖ½´·Ï´,
69,533936,70,159,5329,0,4,7,LFwO,ÄÖ½´·Ï´,
70,533936,71,159,5392,0,4,7,LFwO,ÄÖ½´·Ï´,
71,533936,72,162,163,0,5,12,}ìêÚ,´ÀÞ¶ÞÜ²¯Á®³Ò,
72,533936,73,162,1465,0,5,12,}ìêÚ,´ÀÞ¶ÞÜ²¯Á®³Ò,
73,533936,74,162,497,0,5,12,}ìêÚ,´ÀÞ¶ÞÜ²¯Á®³Ò,
74,533936,75,162,5081,0,5,12,}ìêÚ,´ÀÞ¶ÞÜ²¯Á®³Ò,
75,533936,76,164,6015,0,5,9,V»ñÚ,¼Ý½ÅÆÁ®³Ò,
76,533936,77,164,165,0,5,9,V»ñÚ,¼Ý½ÅÆÁ®³Ò,
77,533936,78,165,3118,0,5,9,V»ñÚ,¼Ý½ÅÆÁ®³Ò,
78,533936,79,166,167,0,5,10,ÅYQÚ,¼ÊÞ³×ÆÁ®³Ò,
79,533936,80,166,1350,0,5,10,ÅYQÚ,¼ÊÞ³×ÆÁ®³Ò,
80,533936,81,168,169,0,4,6,ªçã´,ÔÁÖÊÞ¼,
81,533936,82,168,170,0,4,6,ªçã´,ÔÁÖÊÞ¼,
82,533936,83,168,781,0,4,6,ªçã´,ÔÁÖÊÞ¼,
83,533936,84,173,4828,0,7,8,¼^[~i,¶»²À°ÐÅÙ,
84,533936,85,173,5767,0,7,8,¼^[~i,¶»²À°ÐÅÙ,
85,533936,86,174,702,0,5,11,ÅYSÚ,¼ÊÞ³×ÖÝÁ®³Ò,
86,533936,87,174,38,0,5,11,ÅYSÚ,¼ÊÞ³×ÖÝÁ®³Ò,
87,533936,88,178,5371,0,5,9,°COÚ,ÊÙÐ»ÝÁ®³Ò,
88,533936,89,178,441,0,5,9,°COÚ,ÊÙÐ»ÝÁ®³Ò,
89,533936,90,179,4931,0,5,11,êt¾´ö,Ú²Ò²ÊÞ¼º³´Ý,
90,533936,91,179,6159,0,5,11,êt¾´ö,Ú²Ò²ÊÞ¼º³´Ý,
91,533936,92,181,2508,0,5,9,Ç«wO,¶ÁÄÞ·´·Ï´,
92,533936,93,181,5794,0,5,9,Ç«wO,¶ÁÄÞ·´·Ï´,
93,533936,94,185,5399,0,6,13,ÅöOÚ,¼ÊÞº³´Ý»ÝÁ®³Ò,
94,533936,95,185,2709,0,6,13,ÅöOÚ,¼ÊÞº³´Ý»ÝÁ®³Ò,
95,533936,96,186,187,0,4,11,N´,ÏÝÈÝÊÞ¼Ë¶Þ¼,
96,533936,97,187,2087,0,4,9,N´¼,ÏÝÈÝÊÞ¼Æ¼,
97,533936,98,188,189,0,6,11,¼êÚ,Å¶¶»²²¯Á®³Ò,
98,533936,99,188,1166,0,6,11,¼êÚ,Å¶¶»²²¯Á®³Ò,
99,533936,100,188,1173,0,6,11,¼êÚ,Å¶¶»²²¯Á®³Ò,
100,533936,101,188,3224,0,6,11,¼êÚ,Å¶¶»²²¯Á®³Ò,
101,533936,102,191,5583,0,10,18,]Ëìæ¼¼VÚ,´ÄÞ¶ÞÜ¸Æ¼¶»²ÅÅÁ®³Ò,
102,533936,103,194,5425,0,11,16,ÕCR~jeBïÙO,ØÝ¶²ºÐ­ÆÃ¨¶²¶ÝÏ´,
103,533936,104,195,465,0,11,16,ÕCR~jeBïÙO,ØÝ¶²ºÐ­ÆÃ¨¶²¶ÝÏ´,
104,533936,105,206,1539,0,4,9,_´k,ËÊÞØÊÞ¼·À,
105,533936,106,206,489,0,4,9,_´k,ËÊÞØÊÞ¼·À,
106,533936,107,206,207,0,4,9,_´k,ËÊÞØÊÞ¼·À,
107,533936,108,206,5302,0,4,9,_´k,ËÊÞØÊÞ¼·À,
108,533936,109,208,209,0,5,10,lêÚ,¼µÊÏ²¯Á®³Ò,
109,533936,110,208,5076,0,5,10,lêÚ,¼µÊÏ²¯Á®³Ò,
110,533936,111,208,496,0,5,10,lêÚ,¼µÊÏ²¯Á®³Ò,
111,533936,112,223,3496,0,5,11,ñs}ì,¼­Äº³´ÀÞ¶ÞÜ,
112,533936,113,224,116,0,2,3,C¤,ÀÂÐ,
113,533936,114,224,5752,0,2,3,C¤,ÀÂÐ,
114,533936,115,224,225,0,2,3,C¤,ÀÂÐ,
115,533936,116,225,260,0,5,9,C¤úÔO,ÀÂÐÆ¯¾·Ï´,
116,533936,117,225,4231,0,5,9,C¤úÔO,ÀÂÐÆ¯¾·Ï´,
117,533936,118,225,3793,0,5,9,C¤úÔO,ÀÂÐÆ¯¾·Ï´,
118,533936,119,238,237,0,5,9,VØêwO,¼Ý·ÊÞ´·Ï´,
119,533936,120,238,239,0,5,9,VØêwO,¼Ý·ÊÞ´·Ï´,
120,533936,121,238,4298,0,5,9,VØêwO,¼Ý·ÊÞ´·Ï´,
121,533936,122,241,541,0,6,10,VØêñÚ,¼Ý·ÊÞÆÁ®³Ò,
122,533936,123,241,5943,0,6,10,VØêñÚ,¼Ý·ÊÞÆÁ®³Ò,
123,533936,124,262,575,0,4,10,C¤´,ÀÂÐÊÞ¼Ë¶Þ¼,
124,533936,125,262,578,0,4,10,C¤´,ÀÂÐÊÞ¼Ë¶Þ¼,
125,533936,126,262,4195,0,4,10,C¤´,ÀÂÐÊÞ¼Ë¶Þ¼,
126,533936,127,262,5002,0,4,10,C¤´,ÀÂÐÊÞ¼Ë¶Þ¼,
127,533936,128,264,263,0,5,9,C¤cnk,ÀÂÐÀÞÝÁ·À,
128,533936,129,264,581,0,5,9,C¤cnk,ÀÂÐÀÞÝÁ·À,
129,533936,130,264,265,0,5,9,C¤cnk,ÀÂÐÀÞÝÁ·À,
130,533936,131,264,576,0,5,9,C¤cnk,ÀÂÐÀÞÝÁ·À,
131,533936,132,265,264,0,6,11,C¤êÚk,ÀÂÐ²¯Á®³Ò·À,
132,533936,133,265,3548,0,6,11,C¤êÚk,ÀÂÐ²¯Á®³Ò·À,
133,533936,134,265,3715,0,6,11,C¤êÚk,ÀÂÐ²¯Á®³Ò·À,
134,533936,135,266,267,0,5,10,_êÚ,¼ÉÉÒ²¯Á®³Ò,
135,533936,136,266,4200,0,5,10,_êÚ,¼ÉÉÒ²¯Á®³Ò,
136,533936,137,269,585,0,5,10,L¾êÚ,±Ø±¹²¯Á®³Ò,
137,533936,138,269,5453,0,5,10,L¾êÚ,±Ø±¹²¯Á®³Ò,
138,533936,139,270,4199,0,8,16,_êÚcnO,¼ÉÉÒ²¯Á®³ÒÀÞÝÁÏ´,
139,533936,140,270,4410,0,8,16,_êÚcnO,¼ÉÉÒ²¯Á®³ÒÀÞÝÁÏ´,
140,533936,141,272,586,0,8,15,_ñÚcnO,¼ÉÉÒÆÁ®³ÒÀÞÝÁÏ´,
141,533936,142,272,2341,0,8,15,_ñÚcnO,¼ÉÉÒÆÁ®³ÒÀÞÝÁÏ´,
142,533936,143,272,172,0,8,15,_ñÚcnO,¼ÉÉÒÆÁ®³ÒÀÞÝÁÏ´,
143,533936,144,272,1448,0,8,15,_ñÚcnO,¼ÉÉÒÆÁ®³ÒÀÞÝÁÏ´,
144,533936,145,294,295,0,5,11,_woû,¼ÉÉÒ´·ÃÞ¸ÞÁ,
145,533936,146,294,296,0,5,11,_woû,¼ÉÉÒ´·ÃÞ¸ÞÁ,
146,533936,147,294,5008,0,5,11,_woû,¼ÉÉÒ´·ÃÞ¸ÞÁ,
147,533936,148,294,4223,0,5,11,_woû,¼ÉÉÒ´·ÃÞ¸ÞÁ,
148,533936,149,296,294,0,5,11,_wüû,¼ÉÉÒ´·²Ø¸ÞÁ,
149,533936,150,296,298,0,5,11,_wüû,¼ÉÉÒ´·²Ø¸ÞÁ,
150,533936,151,296,297,0,5,11,_wüû,¼ÉÉÒ´·²Ø¸ÞÁ,
151,533936,152,298,300,0,6,13,S|cnüû,Ã¯º³ÀÞÝÁ²Ø¸ÞÁ,
152,533936,153,298,299,0,6,13,S|cnüû,Ã¯º³ÀÞÝÁ²Ø¸ÞÁ,
153,533936,154,298,296,0,6,13,S|cnüû,Ã¯º³ÀÞÝÁ²Ø¸ÞÁ,
154,533936,155,298,5730,0,6,13,S|cnüû,Ã¯º³ÀÞÝÁ²Ø¸ÞÁ,
155,533936,156,318,316,0,4,11,°´ì,¾²¹ÞÂÊÞ¼ÐÅÐ,
156,533936,157,318,317,0,4,11,°´ì,¾²¹ÞÂÊÞ¼ÐÅÐ,
157,533936,158,318,3529,0,4,11,°´ì,¾²¹ÞÂÊÞ¼ÐÅÐ,
158,533936,159,318,4924,0,4,11,°´ì,¾²¹ÞÂÊÞ¼ÐÅÐ,
159,533936,160,319,610,0,4,10,Ïå´¼,Â¸ÀÞµµÊ¼Æ¼,
160,533936,161,319,3428,0,4,10,Ïå´¼,Â¸ÀÞµµÊ¼Æ¼,
161,533936,162,321,394,0,6,12,Ñ´öO,³ÈÒÊÞ¼º³´ÝÏ´,
162,533936,163,321,2616,0,6,12,Ñ´öO,³ÈÒÊÞ¼º³´ÝÏ´,
163,533936,164,321,2297,0,6,12,Ñ´öO,³ÈÒÊÞ¼º³´ÝÏ´,
164,533936,165,328,661,0,4,9,ÅRÚ,¼ÊÞ»ÝÁ®³Ò,
165,533936,166,328,1408,0,4,9,ÅRÚ,¼ÊÞ»ÝÁ®³Ò,
166,533936,167,334,4580,0,7,12,ÕmåñÚ¼,Ä×ÉÓÝÆÁ®³ÒÆ¼,
167,533936,168,334,5845,0,7,12,ÕmåñÚ¼,Ä×ÉÓÝÆÁ®³ÒÆ¼,
168,533936,169,336,5307,0,5,10,V´ñÚ,¼ÝÊÞ¼ÆÁ®³Ò,
169,533936,170,338,647,0,5,11,V´êÚ,¼ÝÊÞ¼²¯Á®³Ò,
170,533936,171,356,357,0,5,10,`ìOÚ,º³ÅÝ»ÝÁ®³Ò,
171,533936,172,356,45,0,5,10,`ìOÚ,º³ÅÝ»ÝÁ®³Ò,
172,533936,173,358,4207,0,6,9,V¤FAC,ÃÝÉ³½Þ±²Ù,
173,533936,174,358,6445,0,6,9,V¤FAC,ÃÝÉ³½Þ±²Ù,
174,533936,175,358,6083,0,6,9,V¤FAC,ÃÝÉ³½Þ±²Ù,
175,533936,176,361,5185,0,5,10,åäÅÖO,µµ²¾Þ²¶ÝÏ´,
176,533936,177,361,5491,0,5,10,åäÅÖO,µµ²¾Þ²¶ÝÏ´,
177,533936,178,369,4559,0,6,16,Å¤ÆZO,¼ÊÞ¼®³·Þ®³º³º³Ï´,
178,533936,179,369,4867,0,6,16,Å¤ÆZO,¼ÊÞ¼®³·Þ®³º³º³Ï´,
179,533936,180,369,5090,0,6,16,Å¤ÆZO,¼ÊÞ¼®³·Þ®³º³º³Ï´,
180,533936,181,372,374,0,3,6,Y´,³×¼ÏÊ¼,
181,533936,182,372,5413,0,3,6,Y´,³×¼ÏÊ¼,
182,533936,183,372,3613,0,3,6,Y´,³×¼ÏÊ¼,
183,533936,184,372,4852,0,3,6,Y´,³×¼ÏÊ¼,
184,533936,185,374,5946,0,3,6,ªH´,¼µ¼ÞÊ¼,
185,533936,186,374,5024,0,3,6,ªH´,¼µ¼ÞÊ¼,
186,533936,187,374,5717,0,3,6,ªH´,¼µ¼ÞÊ¼,
187,533936,188,374,6113,0,3,6,ªH´,¼µ¼ÞÊ¼,
188,533936,189,384,657,0,3,9,Å´,¼ÊÞ¿ÞÉÊÞ¼,
189,533936,190,384,659,0,3,9,Å´,¼ÊÞ¿ÞÉÊÞ¼,
190,533936,191,394,395,0,3,6,Ñ´,³ÈÒÊÞ¼,
191,533936,192,394,321,0,3,6,Ñ´,³ÈÒÊÞ¼,
192,533936,193,394,2093,0,3,6,Ñ´,³ÈÒÊÞ¼,
193,533936,194,395,394,0,4,10,Ñ´,³ÈÒÊÞ¼Ë¶Þ¼,
194,533936,195,399,401,0,3,8,Ïå´,Â¸ÀÞµµÊ¼,
195,533936,196,401,615,0,3,8,Ïå´,Â¸ÀÞµµÊ¼,
196,533936,197,411,105,0,5,11,C¤ibs,ÀÂÐ¼Þ¬Ý¸¼®Ý,
197,533936,198,419,6738,0,5,11,V´ÜÚ,¼ÝÊÞ¼ºÞÁ®³Ò,
198,533936,199,419,2843,0,5,11,V´ÜÚ,¼ÝÊÞ¼ºÞÁ®³Ò,
199,533936,200,419,2528,0,5,11,V´ÜÚ,¼ÝÊÞ¼ºÞÁ®³Ò,
200,533936,201,419,2813,0,5,11,V´ÜÚ,¼ÝÊÞ¼ºÞÁ®³Ò,
201,533936,202,421,2052,0,6,13,l¼¬êÚ,ÊÏÏÂÁ®³²¯Á®³Ò,
202,533936,203,421,3972,0,6,13,l¼¬êÚ,ÊÏÏÂÁ®³²¯Á®³Ò,
203,533936,204,421,2566,0,6,13,l¼¬êÚ,ÊÏÏÂÁ®³²¯Á®³Ò,
204,533936,205,421,420,0,6,13,l¼¬êÚ,ÊÏÏÂÁ®³²¯Á®³Ò,
205,533936,206,425,330,0,6,10,^[O,Ä³·®³ÀÜ°Ï´,
206,533936,207,425,3476,0,6,10,^[O,Ä³·®³ÀÜ°Ï´,
207,533936,208,425,59,0,6,10,^[O,Ä³·®³ÀÜ°Ï´,
208,533936,209,427,4596,0,6,13,¼V´êÚ,Æ¼¼ÝÊÞ¼²¯Á®³Ò,
209,533936,210,427,4593,0,6,13,¼V´êÚ,Æ¼¼ÝÊÞ¼²¯Á®³Ò,
210,533936,211,427,5843,0,6,13,¼V´êÚ,Æ¼¼ÝÊÞ¼²¯Á®³Ò,
211,533936,212,427,6603,0,6,13,¼V´êÚ,Æ¼¼ÝÊÞ¼²¯Á®³Ò,
212,533936,213,428,184,0,5,12,¤_ÐO,±ÀºÞ¼ÞÝ¼Þ¬Ï´,
213,533936,214,428,429,0,5,12,¤_ÐO,±ÀºÞ¼ÞÝ¼Þ¬Ï´,
214,533936,215,428,1843,0,5,12,¤_ÐO,±ÀºÞ¼ÞÝ¼Þ¬Ï´,
215,533936,216,430,431,0,6,15,âÀµÚ,·ÞÝ»ÞË¶Þ¼ÅÅÁ®³Ò,
216,533936,217,432,2504,0,6,13,zn{èO,Â·¼ÞÎÝ¶ÞÝ¼ÞÏ´,
217,533936,218,432,621,0,6,13,zn{èO,Â·¼ÞÎÝ¶ÞÝ¼ÞÏ´,
218,533936,219,435,434,0,5,10,zlÚ,Ä³Ö³ÖÝÁ®³Ò,
219,533936,220,435,4310,0,5,10,zlÚ,Ä³Ö³ÖÝÁ®³Ò,
220,533936,221,437,436,0,5,11,z¬wO,Ä³Ö³Á®³´·Ï´,
221,533936,222,437,4665,0,5,11,z¬wO,Ä³Ö³Á®³´·Ï´,
222,533936,223,437,2213,0,5,11,z¬wO,Ä³Ö³Á®³´·Ï´,
223,533936,224,437,3143,0,5,11,z¬wO,Ä³Ö³Á®³´·Ï´,
224,533936,225,439,438,0,6,14,¼Áhì,¶»²¼®³ÎÞ³¼®ÐÅÐ,
225,533936,226,439,3224,0,6,14,¼Áhì,¶»²¼®³ÎÞ³¼®ÐÅÐ,
226,533936,227,439,3347,0,6,14,¼Áhì,¶»²¼®³ÎÞ³¼®ÐÅÐ,
227,533936,228,439,1175,0,6,14,¼Áhì,¶»²¼®³ÎÞ³¼®ÐÅÐ,
228,533936,229,440,777,0,3,8,¤h´,·®³´²ÊÞ¼,
229,533936,230,440,4736,0,3,8,¤h´,·®³´²ÊÞ¼,
230,533936,231,442,173,0,4,7,x]cn,ÎØ´ÀÞÝÁ,
231,533936,232,442,3494,0,4,7,x]cn,ÎØ´ÀÞÝÁ,
232,533936,233,442,3537,0,4,7,x]cn,ÎØ´ÀÞÝÁ,
233,533936,234,442,4783,0,4,7,x]cn,ÎØ´ÀÞÝÁ,
234,533936,235,444,26,0,3,7,ºa´,¼®³ÜÊÞ¼,
235,533936,236,446,443,0,6,15,iìOÚ,Ë¶Þ¼¼Å¶ÞÜ»ÝÁ®³Ò,
236,533936,237,446,445,0,6,15,iìOÚ,Ë¶Þ¼¼Å¶ÞÜ»ÝÁ®³Ò,
237,533936,238,448,730,0,4,8,kÓª´,·ÀÌÄ³·®³,
238,533936,239,448,806,0,4,8,kÓª´,·ÀÌÄ³·®³,
239,533936,240,448,447,0,4,8,kÓª´,·ÀÌÄ³·®³,
240,533936,241,448,2402,0,4,8,kÓª´,·ÀÌÄ³·®³,
241,533936,242,451,452,0,6,11,¼lÚ,Å¶¶»²ÖÝÁ®³Ò,
242,533936,243,451,453,0,6,11,¼lÚ,Å¶¶»²ÖÝÁ®³Ò,
243,533936,244,451,454,0,6,11,¼lÚ,Å¶¶»²ÖÝÁ®³Ò,
244,533936,245,451,3232,0,6,11,¼lÚ,Å¶¶»²ÖÝÁ®³Ò,
245,533936,246,455,3414,0,6,11,¼¼ZÚ,Æ¼¶»²Û¸Á®³Ò,
246,533936,247,455,1106,0,6,11,¼¼ZÚ,Æ¼¶»²Û¸Á®³Ò,
247,533936,248,455,6359,0,6,11,¼¼ZÚ,Æ¼¶»²Û¸Á®³Ò,
248,533936,249,455,6422,0,6,11,¼¼ZÚ,Æ¼¶»²Û¸Á®³Ò,
249,533936,250,460,5415,0,4,8,¶ß´,Å¶»ºÝÊÞ¼,
250,533936,251,460,459,0,4,8,¶ß´,Å¶»ºÝÊÞ¼,
251,533936,252,461,460,0,4,8,¶ß´,Å¶»ºÝÊÞ¼,
252,533936,253,461,466,0,4,8,¶ß´,Å¶»ºÝÊÞ¼,
253,533936,254,461,4793,0,4,8,¶ß´,Å¶»ºÝÊÞ¼,
254,533936,255,471,472,0,5,10,zOÚ,Ä³Ö³»ÝÁ®³Ò,
255,533936,256,471,823,0,5,10,zOÚ,Ä³Ö³»ÝÁ®³Ò,
256,533936,257,471,830,0,5,10,zOÚ,Ä³Ö³»ÝÁ®³Ò,
257,533936,258,471,2207,0,5,10,zOÚ,Ä³Ö³»ÝÁ®³Ò,
258,533936,259,473,3123,0,5,10,zêÚ,Ä³Ö³²¯Á®³Ò,
259,533936,260,473,474,0,5,10,zêÚ,Ä³Ö³²¯Á®³Ò,
260,533936,261,473,487,0,5,10,zêÚ,Ä³Ö³²¯Á®³Ò,
261,533936,262,473,843,0,5,10,zêÚ,Ä³Ö³²¯Á®³Ò,
262,533936,263,475,5338,0,4,10,ìJ´ì,ÅÝ¶²ÊÞ¼ÐÅÐ,
263,533936,264,475,849,0,4,10,ìJ´ì,ÅÝ¶²ÊÞ¼ÐÅÐ,
264,533936,265,475,476,0,4,10,ìJ´ì,ÅÝ¶²ÊÞ¼ÐÅÐ,
265,533936,266,475,483,0,4,10,ìJ´ì,ÅÝ¶²ÊÞ¼ÐÅÐ,
266,533936,267,477,852,0,5,13,[ìªì,Ì¶¶ÞÜÊÁÁ­³ÐÅÐ,
267,533936,268,477,476,0,5,13,[ìªì,Ì¶¶ÞÜÊÁÁ­³ÐÅÐ,
268,533936,269,477,478,0,5,13,[ìªì,Ì¶¶ÞÜÊÁÁ­³ÐÅÐ,
269,533936,270,486,485,0,6,13,lñÚ,¼µÊÏÆÁ®³ÒË¶Þ¼,
270,533936,271,486,1509,0,6,13,lñÚ,¼µÊÏÆÁ®³ÒË¶Þ¼,
271,533936,272,486,1505,0,6,13,lñÚ,¼µÊÏÆÁ®³ÒË¶Þ¼,
272,533936,273,492,1605,0,5,12,[ìO¼,Ì¶¶ÞÜ»ÝÁ­³Æ¼,
273,533936,274,492,1607,0,5,12,[ìO¼,Ì¶¶ÞÜ»ÝÁ­³Æ¼,
274,533936,275,492,211,0,5,12,[ìO¼,Ì¶¶ÞÜ»ÝÁ­³Æ¼,
275,533936,276,494,493,0,5,10,s§O¤O,ÄØÂ»Ý¼®³Ï´,
276,533936,277,494,1537,0,5,10,s§O¤O,ÄØÂ»Ý¼®³Ï´,
277,533936,278,494,4962,0,5,10,s§O¤O,ÄØÂ»Ý¼®³Ï´,
278,533936,279,494,495,0,5,10,s§O¤O,ÄØÂ»Ý¼®³Ï´,
279,533936,280,502,503,0,5,9,²OñÚ,ÎÞÀÝÆÁ®³Ò,
280,533936,281,502,508,0,5,9,²OñÚ,ÎÞÀÝÆÁ®³Ò,
281,533936,282,502,2334,0,5,9,²OñÚ,ÎÞÀÝÆÁ®³Ò,
282,533936,283,502,1593,0,5,9,²OñÚ,ÎÞÀÝÆÁ®³Ò,
283,533936,284,504,505,0,5,10,²OOÚ,ÎÞÀÝ»ÝÁ®³Ò,
284,533936,285,504,507,0,5,10,²OOÚ,ÎÞÀÝ»ÝÁ®³Ò,
285,533936,286,504,2939,0,5,10,²OOÚ,ÎÞÀÝ»ÝÁ®³Ò,
286,533936,287,504,1587,0,5,10,²OOÚ,ÎÞÀÝ»ÝÁ®³Ò,
287,533936,288,512,257,0,5,15,[ìÅ´ì,Ì¶¶ÞÜ±¶Â·ÊÞ¼ÐÅÐ,
288,533936,289,512,4861,0,5,15,[ìÅ´ì,Ì¶¶ÞÜ±¶Â·ÊÞ¼ÐÅÐ,
289,533936,290,512,513,0,5,15,[ìÅ´ì,Ì¶¶ÞÜ±¶Â·ÊÞ¼ÐÅÐ,
290,533936,291,512,569,0,5,15,[ìÅ´ì,Ì¶¶ÞÜ±¶Â·ÊÞ¼ÐÅÐ,
291,533936,292,515,5098,0,4,13,}ì´,´ÀÞ¶ÞÜÊÞ¼Ë¶Þ¼,
292,533936,293,515,516,0,4,13,}ì´,´ÀÞ¶ÞÜÊÞ¼Ë¶Þ¼,
293,533936,294,515,521,0,4,13,}ì´,´ÀÞ¶ÞÜÊÞ¼Ë¶Þ¼,
294,533936,295,515,213,0,4,13,}ì´,´ÀÞ¶ÞÜÊÞ¼Ë¶Þ¼,
295,533936,296,517,518,0,3,8,ª}´,ÊÁ´ÀÞÊÞ¼,
296,533936,297,517,2978,0,3,8,ª}´,ÊÁ´ÀÞÊÞ¼,
297,533936,298,517,2951,0,3,8,ª}´,ÊÁ´ÀÞÊÞ¼,
298,533936,299,517,4798,0,3,8,ª}´,ÊÁ´ÀÞÊÞ¼,
299,533936,300,525,4404,0,6,13,LF¬wZO,ÄÖ½¼®³¶Þ¯º³Ï´,
300,533936,301,525,5382,0,6,13,LF¬wZO,ÄÖ½¼®³¶Þ¯º³Ï´,
301,533936,302,525,217,0,6,13,LF¬wZO,ÄÖ½¼®³¶Þ¯º³Ï´,
302,533936,303,528,5092,0,7,17,ÕCa@¼,Ä³·®³ØÝ¶²ËÞ®³²ÝÆ¼,
303,533936,304,528,5018,0,7,17,ÕCa@¼,Ä³·®³ØÝ¶²ËÞ®³²ÝÆ¼,
304,533936,305,528,527,0,7,17,ÕCa@¼,Ä³·®³ØÝ¶²ËÞ®³²ÝÆ¼,
305,533936,306,531,3177,0,7,11,ª©OhO,¼µÐ¸Þ×ÝÄÞÏ´,
306,533936,307,531,530,0,7,11,ª©OhO,¼µÐ¸Þ×ÝÄÞÏ´,
307,533936,308,532,573,0,5,9,C¤êÚ,ÀÂÐ²¯Á®³Ò,
308,533936,309,532,406,0,5,9,C¤êÚ,ÀÂÐ²¯Á®³Ò,
309,533936,310,532,4772,0,5,9,C¤êÚ,ÀÂÐ²¯Á®³Ò,
310,533936,311,532,3459,0,5,9,C¤êÚ,ÀÂÐ²¯Á®³Ò,
311,533936,312,538,6134,0,3,5,²Ì,ÕÒÉ¼Ï,
312,533936,313,539,6135,0,4,10,çÎ´k,¾ÝºÞ¸ÊÞ¼·À,
313,533936,314,539,6695,0,4,10,çÎ´k,¾ÝºÞ¸ÊÞ¼·À,
314,533936,315,539,6258,0,4,10,çÎ´k,¾ÝºÞ¸ÊÞ¼·À,
315,533936,316,539,5755,0,4,10,çÎ´k,¾ÝºÞ¸ÊÞ¼·À,
316,533936,317,545,564,0,5,14,çÎ´k,Ë¶Þ¼¾ÝºÞ¸ÊÞ¼·À,
317,533936,318,545,923,0,5,14,çÎ´k,Ë¶Þ¼¾ÝºÞ¸ÊÞ¼·À,
318,533936,319,545,918,0,5,14,çÎ´k,Ë¶Þ¼¾ÝºÞ¸ÊÞ¼·À,
319,533936,320,545,546,0,5,14,çÎ´k,Ë¶Þ¼¾ÝºÞ¸ÊÞ¼·À,
320,533936,321,568,572,0,4,8,ª©wì,¼µÐ´·ÐÅÐ,
321,533936,322,568,5188,0,4,8,ª©wì,¼µÐ´·ÐÅÐ,
322,533936,323,568,881,0,4,8,ª©wì,¼µÐ´·ÐÅÐ,
323,533936,324,568,4463,0,4,8,ª©wì,¼µÐ´·ÐÅÐ,
324,533936,325,573,574,0,3,11,ø´ì,»»ÞÅÐÊÞ¼ÐÅÐ,
325,533936,326,573,407,0,3,11,ø´ì,»»ÞÅÐÊÞ¼ÐÅÐ,
326,533936,327,573,3788,0,3,11,ø´ì,»»ÞÅÐÊÞ¼ÐÅÐ,
327,533936,328,576,577,0,6,13,C¤XÖÇO,ÀÂÐÕ³ËÞÝ·®¸Ï´,
328,533936,329,576,2338,0,6,13,C¤XÖÇO,ÀÂÐÕ³ËÞÝ·®¸Ï´,
329,533936,330,576,264,0,6,13,C¤XÖÇO,ÀÂÐÕ³ËÞÝ·®¸Ï´,
330,533936,331,576,582,0,6,13,C¤XÖÇO,ÀÂÐÕ³ËÞÝ·®¸Ï´,
331,533936,332,579,580,0,8,17,æñC¤¬wZO,ÀÞ²ÆÀÂÐ¼®³¶Þ¯º³Ï´,
332,533936,333,579,578,0,8,17,æñC¤¬wZO,ÀÞ²ÆÀÂÐ¼®³¶Þ¯º³Ï´,
333,533936,334,579,583,0,8,17,æñC¤¬wZO,ÀÞ²ÆÀÂÐ¼®³¶Þ¯º³Ï´,
334,533936,335,579,2956,0,8,17,æñC¤¬wZO,ÀÞ²ÆÀÂÐ¼®³¶Þ¯º³Ï´,
335,533936,336,584,5440,0,9,18,_ñÚcnüû,¼ÉÉÒÆÁ®³ÒÀÞÝÁ²Ø¸ÞÁ,
336,533936,337,584,4411,0,9,18,_ñÚcnüû,¼ÉÉÒÆÁ®³ÒÀÞÝÁ²Ø¸ÞÁ,
337,533936,338,584,1447,0,9,18,_ñÚcnüû,¼ÉÉÒÆÁ®³ÒÀÞÝÁ²Ø¸ÞÁ,
338,533936,339,588,274,0,6,14,_¬wZO,¼ÉÉÒ¼®³¶Þ¯º³Ï´,
339,533936,340,588,587,0,6,14,_¬wZO,¼ÉÉÒ¼®³¶Þ¯º³Ï´,
340,533936,341,588,414,0,6,14,_¬wZO,¼ÉÉÒ¼®³¶Þ¯º³Ï´,
341,533936,342,588,589,0,6,14,_¬wZO,¼ÉÉÒ¼®³¶Þ¯º³Ï´,
342,533936,343,603,5986,0,6,12,x@O,Â·¼Ï¹²»Â¼®Ï´,
343,533936,344,603,607,0,6,12,x@O,Â·¼Ï¹²»Â¼®Ï´,
344,533936,345,603,5990,0,6,12,x@O,Â·¼Ï¹²»Â¼®Ï´,
345,533936,346,603,5988,0,6,12,x@O,Â·¼Ï¹²»Â¼®Ï´,
346,533936,347,607,606,0,5,9,°ClÚ,ÊÙÐÖÝÁ®³Ò,
347,533936,348,607,609,0,5,9,°ClÚ,ÊÙÐÖÝÁ®³Ò,
348,533936,349,607,5348,0,5,9,°ClÚ,ÊÙÐÖÝÁ®³Ò,
349,533936,350,607,5776,0,5,9,°ClÚ,ÊÙÐÖÝÁ®³Ò,
350,533936,351,618,619,0,5,10,znµÚ,Â·¼ÞÅÅÁ®³Ò,
351,533936,352,618,2146,0,5,10,znµÚ,Â·¼ÞÅÅÁ®³Ò,
352,533936,353,619,618,0,5,10,znµÚ,Â·¼ÞÅÅÁ®³Ò,
353,533936,354,619,2892,0,5,10,znµÚ,Â·¼ÞÅÅÁ®³Ò,
354,533936,355,626,125,0,5,11,âÀZÚ,·ÞÝ»ÞÛ¸Á®³Ò,
355,533936,356,626,4591,0,5,11,âÀZÚ,·ÞÝ»ÞÛ¸Á®³Ò,
356,533936,357,626,627,0,5,11,âÀZÚ,·ÞÝ»ÞÛ¸Á®³Ò,
357,533936,358,632,4766,0,2,5,y´,ÄÞÊÞ¼,
358,533936,359,632,4918,0,2,5,y´,ÄÞÊÞ¼,
359,533936,360,632,633,0,2,5,y´,ÄÞÊÞ¼,
360,533936,361,634,2066,0,3,7,ïg´,ÅÝÊÞÊÞ¼,
361,533936,362,634,635,0,3,7,ïg´,ÅÝÊÞÊÞ¼,
362,533936,363,648,649,0,7,17,V´wâÀûO,¼ÝÊÞ¼´··ÞÝ»Þ¸ÞÁÏ´,
363,533936,364,650,1890,0,3,7,¼V´,Æ¼¼ÝÊÞ¼,
364,533936,365,650,6047,0,3,7,¼V´,Æ¼¼ÝÊÞ¼,
365,533936,366,653,1787,0,3,5,ä¬å,µÅØÓÝ,
366,533936,367,653,4378,0,3,5,ä¬å,µÅØÓÝ,
367,533936,368,653,5272,0,3,5,ä¬å,µÅØÓÝ,
368,533936,369,653,5109,0,3,5,ä¬å,µÅØÓÝ,
369,533936,370,654,655,0,4,11,ãO,¿Þ³¼Þ®³¼ÞÏ´,
370,533936,371,654,656,0,4,11,ãO,¿Þ³¼Þ®³¼ÞÏ´,
371,533936,372,654,688,0,4,11,ãO,¿Þ³¼Þ®³¼ÞÏ´,
372,533936,373,658,3709,0,8,15,ÅöOhO,¼ÊÞº³´Ý¸Þ×ÝÄÞÏ´,
373,533936,374,658,657,0,8,15,ÅöOhO,¼ÊÞº³´Ý¸Þ×ÝÄÞÏ´,
374,533936,375,658,2560,0,8,15,ÅöOhO,¼ÊÞº³´Ý¸Þ×ÝÄÞÏ´,
375,533936,376,663,664,0,5,10,¤x@O,±ÀºÞ¹²»ÂÏ´,
376,533936,377,663,2564,0,5,10,¤x@O,±ÀºÞ¹²»ÂÏ´,
377,533936,378,663,2599,0,5,10,¤x@O,±ÀºÞ¹²»ÂÏ´,
378,533936,379,663,2622,0,5,10,¤x@O,±ÀºÞ¹²»ÂÏ´,
379,533936,380,665,666,0,6,11,ÕmåêÚ,Ä×ÉÓÝ²¯Á®³Ò,
380,533936,381,665,746,0,6,11,ÕmåêÚ,Ä×ÉÓÝ²¯Á®³Ò,
381,533936,382,665,1828,0,6,11,ÕmåêÚ,Ä×ÉÓÝ²¯Á®³Ò,
382,533936,383,665,2521,0,6,11,ÕmåêÚ,Ä×ÉÓÝ²¯Á®³Ò,
383,533936,384,667,4373,0,8,15,¼V´êEñÚ,Æ¼¼ÝÊÞ¼²Á ÆÁ®³Ò,
384,533936,385,667,668,0,8,15,¼V´êEñÚ,Æ¼¼ÝÊÞ¼²Á ÆÁ®³Ò,
385,533936,386,667,2571,0,8,15,¼V´êEñÚ,Æ¼¼ÝÊÞ¼²Á ÆÁ®³Ò,
386,533936,387,669,673,0,8,18,V´OÚðÔO,¼ÝÊÞ¼»ÝÁ®³Òº³ÊÞÝÏ´,
387,533936,388,669,2001,0,8,18,V´OÚðÔO,¼ÝÊÞ¼»ÝÁ®³Òº³ÊÞÝÏ´,
388,533936,389,676,677,0,7,14,V´ïÙO,¼ÝÊÞ¼Ì¸¼¶²¶ÝÏ´,
389,533936,390,676,1951,0,7,14,V´ïÙO,¼ÝÊÞ¼Ì¸¼¶²¶ÝÏ´,
390,533936,391,678,2602,0,3,8,Ååå,¼ÊÞÀÞ²ÓÝ,
391,533936,392,680,681,0,6,13,ÅååñÚ,¼ÊÞÀÞ²ÓÝÆÁ®³Ò,
392,533936,393,680,2600,0,6,13,ÅååñÚ,¼ÊÞÀÞ²ÓÝÆÁ®³Ò,
393,533936,394,680,2702,0,6,13,ÅååñÚ,¼ÊÞÀÞ²ÓÝÆÁ®³Ò,
394,533936,395,682,681,0,3,9,«Ä´,¼®³¹ÞÝÊÞ¼,
395,533936,396,682,754,0,3,9,«Ä´,¼®³¹ÞÝÊÞ¼,
396,533936,397,684,5435,0,11,17,¢EfÕZ^[rO,¾¶²ÎÞ³´·¾ÝÀ°ËÞÙÏ´,
397,533936,398,684,2038,0,11,17,¢EfÕZ^[rO,¾¶²ÎÞ³´·¾ÝÀ°ËÞÙÏ´,
398,533936,399,684,2696,0,11,17,¢EfÕZ^[rO,¾¶²ÎÞ³´·¾ÝÀ°ËÞÙÏ´,
399,533936,400,684,2028,0,11,17,¢EfÕZ^[rO,¾¶²ÎÞ³´·¾ÝÀ°ËÞÙÏ´,
400,533936,401,685,2029,0,2,5,åå,ÀÞ²ÓÝ,
401,533936,402,685,686,0,2,5,åå,ÀÞ²ÓÝ,
402,533936,403,685,2601,0,2,5,åå,ÀÞ²ÓÝ,
403,533936,404,685,3887,0,2,5,åå,ÀÞ²ÓÝ,
404,533936,405,686,1912,0,2,5,åå,ÀÞ²ÓÝ,
405,533936,406,686,685,0,2,5,åå,ÀÞ²ÓÝ,
406,533936,407,686,3887,0,2,5,åå,ÀÞ²ÓÝ,
407,533936,408,686,1925,0,2,5,åå,ÀÞ²ÓÝ,
408,533936,409,701,743,0,3,7,`h´,º³´²ÊÞ¼,
409,533936,410,708,5134,0,6,15,`ìå´l,º³ÅÝµµÊ¼Ë¶Þ¼ÂÞÒ,
410,533936,411,708,3587,0,6,15,`ìå´l,º³ÅÝµµÊ¼Ë¶Þ¼ÂÞÒ,
411,533936,412,708,367,0,6,15,`ìå´l,º³ÅÝµµÊ¼Ë¶Þ¼ÂÞÒ,
412,533936,413,708,6099,0,6,15,`ìå´l,º³ÅÝµµÊ¼Ë¶Þ¼ÂÞÒ,
413,533936,414,710,721,0,5,12,üÇO,Ä³·®³Æ­³¶ÝÏ´,
414,533936,415,710,711,0,5,12,üÇO,Ä³·®³Æ­³¶ÝÏ´,
415,533936,416,710,6221,0,5,12,üÇO,Ä³·®³Æ­³¶ÝÏ´,
416,533936,417,733,25,0,3,6,ªª´,Ô¼µÊÞ¼,
417,533936,418,733,807,0,3,6,ªª´,Ô¼µÊÞ¼,
418,533936,419,733,3520,0,3,6,ªª´,Ô¼µÊÞ¼,
419,533936,420,733,20,0,3,6,ªª´,Ô¼µÊÞ¼,
420,533936,421,740,386,0,7,15,ClöO,Á­³µ³¶²ËÝº³´ÝÏ´,
421,533936,422,740,9,0,7,15,ClöO,Á­³µ³¶²ËÝº³´ÝÏ´,
422,533936,423,740,811,0,7,15,ClöO,Á­³µ³¶²ËÝº³´ÝÏ´,
423,533936,424,740,4485,0,7,15,ClöO,Á­³µ³¶²ËÝº³´ÝÏ´,
424,533936,425,741,788,0,3,7,¬Ê´,¼µ»²ÊÞ¼,
425,533936,426,741,5208,0,3,7,¬Ê´,¼µ»²ÊÞ¼,
426,533936,427,741,3610,0,3,7,¬Ê´,¼µ»²ÊÞ¼,
427,533936,428,742,744,0,3,6,ÜF´,ºÞ¼·Ê¼,
428,533936,429,742,2431,0,3,6,ÜF´,ºÞ¼·Ê¼,
429,533936,430,742,3603,0,3,6,ÜF´,ºÞ¼·Ê¼,
430,533936,431,743,3607,0,5,11,ÜF´kl,ºÞ¼·Ê¼·ÀÂÞÒ,
431,533936,432,743,4835,0,5,11,ÜF´kl,ºÞ¼·Ê¼·ÀÂÞÒ,
432,533936,433,745,1332,0,5,10,`ìlÚ,º³ÅÝÖÝÁ®³Ò,
433,533936,434,745,5689,0,5,10,`ìlÚ,º³ÅÝÖÝÁ®³Ò,
434,533936,435,745,3606,0,5,10,`ìlÚ,º³ÅÝÖÝÁ®³Ò,
435,533936,436,745,5917,0,5,10,`ìlÚ,º³ÅÝÖÝÁ®³Ò,
436,533936,437,757,6429,0,6,15,âÀÜÚ,·ÞÝ»ÞË¶Þ¼ºÞÁ®³Ò,
437,533936,438,770,5196,0,5,9,ssV´,Ä¼º³¼ÝÊÞ¼,
438,533936,439,775,5099,0,5,9,ñsL¾,¼­Äº³±Ø±¹,
439,533936,440,782,783,0,5,10,¼ìZ,¶»²ÐÅÐº³º³,
440,533936,441,782,983,0,5,10,¼ìZ,¶»²ÐÅÐº³º³,
441,533936,442,782,3266,0,5,10,¼ìZ,¶»²ÐÅÐº³º³,
442,533936,443,782,4785,0,5,10,¼ìZ,¶»²ÐÅÐº³º³,
443,533936,444,784,1360,0,5,12,c¬wû,ÀÏÁ´·Ë¶Þ¼¸ÞÁ,
444,533936,445,784,2440,0,5,12,c¬wû,ÀÏÁ´·Ë¶Þ¼¸ÞÁ,
445,533936,446,784,44,0,5,12,c¬wû,ÀÏÁ´·Ë¶Þ¼¸ÞÁ,
446,533936,447,784,3416,0,5,12,c¬wû,ÀÏÁ´·Ë¶Þ¼¸ÞÁ,
447,533936,448,789,3480,0,5,10,ñsÅY,¼­Äº³¼ÊÞ³×,
448,533936,449,855,854,0,5,9,zñÚ,Ä³Ö³ÆÁ®³Ò,
449,533936,450,855,3143,0,5,9,zñÚ,Ä³Ö³ÆÁ®³Ò,
450,533936,451,855,4438,0,5,9,zñÚ,Ä³Ö³ÆÁ®³Ò,
451,533936,452,859,5611,0,6,14,ì»¬wüû,ÐÅÐ½ÅÏÁ´·²Ø¸ÞÁ,
452,533936,453,859,4338,0,6,14,ì»¬wüû,ÐÅÐ½ÅÏÁ´·²Ø¸ÞÁ,
453,533936,454,859,4831,0,6,14,ì»¬wüû,ÐÅÐ½ÅÏÁ´·²Ø¸ÞÁ,
454,533936,455,859,4837,0,6,14,ì»¬wüû,ÐÅÐ½ÅÏÁ´·²Ø¸ÞÁ,
455,533936,456,860,510,0,6,16,}ì¬wZk,´ÀÞ¶ÞÜ¼®³¶Þ¯º³·À,
456,533936,457,860,4172,0,6,16,}ì¬wZk,´ÀÞ¶ÞÜ¼®³¶Þ¯º³·À,
457,533936,458,860,861,0,6,16,}ì¬wZk,´ÀÞ¶ÞÜ¼®³¶Þ¯º³·À,
458,533936,459,947,2228,0,5,12,»ªÚ,Ë¶Þ¼½ÅÊ¯Á®³Ò,
459,533936,460,947,4849,0,5,12,»ªÚ,Ë¶Þ¼½ÅÊ¯Á®³Ò,
460,533936,461,947,3254,0,5,12,»ªÚ,Ë¶Þ¼½ÅÊ¯Á®³Ò,
461,533936,462,983,782,0,5,10,¼ìZ,¶»²ÐÅÐº³º³,
462,533936,463,983,3239,0,5,10,¼ìZ,¶»²ÐÅÐº³º³,
463,533936,464,983,3833,0,5,10,¼ìZ,¶»²ÐÅÐº³º³,
464,533936,465,983,4785,0,5,10,¼ìZ,¶»²ÐÅÐº³º³,
465,533936,466,1063,1151,0,8,15,¼¼UÚæñ,Æ¼¶»²Û¸Á®³ÒÀÞ²Æ,
466,533936,467,1349,169,0,5,11,ÅYRÚ,¼ÊÞ³×»ÝÁ®³Ò,
467,533936,468,1349,1347,0,5,11,ÅYRÚ,¼ÊÞ³×»ÝÁ®³Ò,
468,533936,469,1387,1388,0,5,10,c¬w¼û,ÀÏÁ´·Æ¼¸ÞÁ,
469,533936,470,1387,5438,0,5,10,c¬w¼û,ÀÏÁ´·Æ¼¸ÞÁ,
470,533936,471,1388,2455,0,5,10,c¬w¼û,ÀÏÁ´·Æ¼¸ÞÁ,
471,533936,472,1388,2415,0,5,10,c¬w¼û,ÀÏÁ´·Æ¼¸ÞÁ,
472,533936,473,1431,1432,0,4,11,à´ì,¶Å½·ÞÊÞ¼ÐÅÐ,
473,533936,474,1431,2692,0,4,11,à´ì,¶Å½·ÞÊÞ¼ÐÅÐ,
474,533936,475,1431,2614,0,4,11,à´ì,¶Å½·ÞÊÞ¼ÐÅÐ,
475,533936,476,1431,4563,0,4,11,à´ì,¶Å½·ÞÊÞ¼ÐÅÐ,
476,533936,477,1537,1538,0,3,7,ÞD´,ÂØÌÈÊÞ¼,
477,533936,478,1537,1544,0,3,7,ÞD´,ÂØÌÈÊÞ¼,
478,533936,479,1537,494,0,3,7,ÞD´,ÂØÌÈÊÞ¼,
479,533936,480,1561,1559,0,3,8,²û´,Á®³ÚÝÊÞ¼,
480,533936,481,1681,1620,0,7,14,lÚæñ,Â·¼ÏÖÝÁ®³ÒÀÞ²Æ,
481,533936,482,1681,1680,0,7,14,lÚæñ,Â·¼ÏÖÝÁ®³ÒÀÞ²Æ,
482,533936,483,1681,1686,0,7,14,lÚæñ,Â·¼ÏÖÝÁ®³ÒÀÞ²Æ,
483,533936,484,1791,1790,0,4,10,Åwº,¼ÊÞ¶Þ¸´Ý¼À,
484,533936,485,1791,1792,0,4,10,Åwº,¼ÊÞ¶Þ¸´Ý¼À,
485,533936,486,1791,2563,0,4,10,Åwº,¼ÊÞ¶Þ¸´Ý¼À,
486,533936,487,1898,1895,0,8,16,V´wúäJûO,¼ÝÊÞ¼´·ËËÞÔ¸ÞÁÏ´,
487,533936,488,1898,1897,0,8,16,V´wúäJûO,¼ÝÊÞ¼´·ËËÞÔ¸ÞÁÏ´,
488,533936,489,1965,2828,0,6,16,V´öÊèû,¼ÝÊÞ¼ÔÅ·ÞÄÞµØ¸ÞÁ,
489,533936,490,1965,2827,0,6,16,V´öÊèû,¼ÝÊÞ¼ÔÅ·ÞÄÞµØ¸ÞÁ,
490,533936,491,1965,2594,0,6,16,V´öÊèû,¼ÝÊÞ¼ÔÅ·ÞÄÞµØ¸ÞÁ,
491,533936,492,1974,1984,0,5,11,V´OÚ,¼ÝÊÞ¼»ÝÁ®³Ò,
492,533936,493,1974,2592,0,5,11,V´OÚ,¼ÝÊÞ¼»ÝÁ®³Ò,
493,533936,494,1974,2593,0,5,11,V´OÚ,¼ÝÊÞ¼»ÝÁ®³Ò,
494,533936,495,2010,6002,0,5,10,KXO,Ä³·®³¶Þ½Ï´,
495,533936,496,2012,3976,0,6,15,|ÅV´üû,À¹¼ÊÞ»ÝÊÞ¼²Ø¸ÞÁ,
496,533936,497,2052,2053,0,6,13,l¼¬êÚ,ÊÏÏÂÁ®³²¯Á®³Ò,
497,533936,498,2052,2723,0,6,13,l¼¬êÚ,ÊÏÏÂÁ®³²¯Á®³Ò,
498,533936,499,2052,421,0,6,13,l¼¬êÚ,ÊÏÏÂÁ®³²¯Á®³Ò,
499,533936,500,2052,3972,0,6,13,l¼¬êÚ,ÊÏÏÂÁ®³²¯Á®³Ò,
500,533936,501,2064,6186,0,4,9,V´wO,¼ÝÊÞ¼´·Ï´,
501,533936,502,2072,2071,0,3,9,VK´,¼Ý»²Ü²ÊÞ¼,
502,533936,503,2072,4585,0,3,9,VK´,¼Ý»²Ü²ÊÞ¼,
503,533936,504,2098,3453,0,3,7,sê´,²ÁÊÞÊÞ¼,
504,533936,505,2126,2125,0,6,12,znOÚk,Â·¼Þ»ÝÁ®³Ò·À,
505,533936,506,2223,5066,0,6,13,´»å´¼l,·Ö½ÅµµÊ¼Æ¼ÂÞÒ,
506,533936,507,2223,5061,0,6,13,´»å´¼l,·Ö½ÅµµÊ¼Æ¼ÂÞÒ,
507,533936,508,2223,4477,0,6,13,´»å´¼l,·Ö½ÅµµÊ¼Æ¼ÂÞÒ,
508,533936,509,2223,4478,0,6,13,´»å´¼l,·Ö½ÅµµÊ¼Æ¼ÂÞÒ,
509,533936,510,2242,4774,0,5,11,´Vêk,¾²¼Ý²¯Á­³·À,
510,533936,511,2242,2236,0,5,11,´Vêk,¾²¼Ý²¯Á­³·À,
511,533936,512,2242,3220,0,5,11,´Vêk,¾²¼Ý²¯Á­³·À,
512,533936,513,2242,4796,0,5,11,´Vêk,¾²¼Ý²¯Á­³·À,
513,533936,514,2266,6601,0,8,16,¼¼UÚæO,Æ¼¶»²Û¸Á®³ÒÀÞ²»Ý,
514,533936,515,2276,6141,0,5,10,KXO,Ä³·®³¶Þ½Ï´,
515,533936,516,2294,2498,0,14,28,V´êÚiúäJ_ÐOj,Ë¶Þ¼¼ÝÊÞ¼²¯Á®³Ò ËËÞÔ¼ÞÝ¼Þ¬Ï´,
516,533936,517,2294,6633,0,14,28,V´êÚiúäJ_ÐOj,Ë¶Þ¼¼ÝÊÞ¼²¯Á®³Ò ËËÞÔ¼ÞÝ¼Þ¬Ï´,
517,533936,518,2342,1443,0,8,13,L¾RVA,±Ø±¹ºÛ¼±ÑË¶Þ¼,
518,533936,519,2342,5343,0,8,13,L¾RVA,±Ø±¹ºÛ¼±ÑË¶Þ¼,
519,533936,520,2342,5322,0,8,13,L¾RVA,±Ø±¹ºÛ¼±ÑË¶Þ¼,
520,533936,521,2342,5533,0,8,13,L¾RVA,±Ø±¹ºÛ¼±ÑË¶Þ¼,
521,533936,522,2345,2468,0,5,9,L¾ñÚ,±Ø±¹ÆÁ®³Ò,
522,533936,523,2345,3489,0,5,9,L¾ñÚ,±Ø±¹ÆÁ®³Ò,
523,533936,524,2345,5705,0,5,9,L¾ñÚ,±Ø±¹ÆÁ®³Ò,
524,533936,525,2403,447,0,4,8,ªª´k,Ô¼µÊÞ¼·À,
525,533936,526,2403,807,0,4,8,ªª´k,Ô¼µÊÞ¼·À,
526,533936,527,2405,5169,0,6,16,k¤´l,Î¸ÌÞØ¯·®³Ë¶Þ¼ÂÞÒ,
527,533936,528,2415,43,0,5,10,c¬w¼û,ÀÏÁ´·Æ¼¸ÞÁ,
528,533936,529,2415,2416,0,5,10,c¬w¼û,ÀÏÁ´·Æ¼¸ÞÁ,
529,533936,530,2416,3817,0,5,10,c¬w¼û,ÀÏÁ´·Æ¼¸ÞÁ,
530,533936,531,2416,1387,0,5,10,c¬w¼û,ÀÏÁ´·Æ¼¸ÞÁ,
531,533936,532,2423,2424,0,4,9,ÅÜÚ,¼ÊÞºÞÁ®³Ò,
532,533936,533,2423,1374,0,4,9,ÅÜÚ,¼ÊÞºÞÁ®³Ò,
533,533936,534,2424,4387,0,4,9,ÅÜÚ,¼ÊÞºÞÁ®³Ò,
534,533936,535,2424,1382,0,4,9,ÅÜÚ,¼ÊÞºÞÁ®³Ò,
535,533936,536,2429,1330,0,3,7,lH´,ÊÏ¼ÞÊÞ¼,
536,533936,537,2429,2430,0,3,7,lH´,ÊÏ¼ÞÊÞ¼,
537,533936,538,2429,4573,0,3,7,lH´,ÊÏ¼ÞÊÞ¼,
538,533936,539,2468,3550,0,5,9,L¾ñÚ,±Ø±¹ÆÁ®³Ò,
539,533936,540,2468,2345,0,5,9,L¾ñÚ,±Ø±¹ÆÁ®³Ò,
540,533936,541,2468,3549,0,5,9,L¾ñÚ,±Ø±¹ÆÁ®³Ò,
541,533936,542,2469,260,0,7,12,C¤ÌXöO,ÀÂÐÉÓØº³´ÝÏ´,
542,533936,543,2469,898,0,7,12,C¤ÌXöO,ÀÂÐÉÓØº³´ÝÏ´,
543,533936,544,2469,3818,0,7,12,C¤ÌXöO,ÀÂÐÉÓØº³´ÝÏ´,
544,533936,545,2501,2500,0,7,14,¼V´ñÚ¼,Æ¼¼ÝÊÞ¼ÆÁ®³ÒÆ¼,
545,533936,546,2501,1854,0,7,14,¼V´ñÚ¼,Æ¼¼ÝÊÞ¼ÆÁ®³ÒÆ¼,
546,533936,547,2501,1823,0,7,14,¼V´ñÚ¼,Æ¼¼ÝÊÞ¼ÆÁ®³ÒÆ¼,
547,533936,548,2502,135,0,5,10,¤êÚ,±ÀºÞ²¯Á®³Ò,
548,533936,549,2502,1852,0,5,10,¤êÚ,±ÀºÞ²¯Á®³Ò,
549,533936,550,2502,5842,0,5,10,¤êÚ,±ÀºÞ²¯Á®³Ò,
550,533936,551,2502,1851,0,5,10,¤êÚ,±ÀºÞ²¯Á®³Ò,
551,533936,552,2506,2534,0,5,10,znOÚ,Â·¼Þ»ÝÁ®³Ò,
552,533936,553,2507,144,0,7,15,æñc¬O,Â·¼ÏÀÞ²ÆÖ³¼®³Ï´,
553,533936,554,2513,1633,0,6,13,LCc¬üû,ÄÖÐÖ³¼®³²Ø¸ÞÁ,
554,533936,555,2513,4170,0,6,13,LCc¬üû,ÄÖÐÖ³¼®³²Ø¸ÞÁ,
555,533936,556,2513,1636,0,6,13,LCc¬üû,ÄÖÐÖ³¼®³²Ø¸ÞÁ,
556,533936,557,2513,4168,0,6,13,LCc¬üû,ÄÖÐÖ³¼®³²Ø¸ÞÁ,
557,533936,558,2514,4943,0,5,10,Ç«¤´,¶ÁÄÞ·Ø¯·®³,
558,533936,559,2514,2666,0,5,10,Ç«¤´,¶ÁÄÞ·Ø¯·®³,
559,533936,560,2514,6463,0,5,10,Ç«¤´,¶ÁÄÞ·Ø¯·®³,
560,533936,561,2514,6408,0,5,10,Ç«¤´,¶ÁÄÞ·Ø¯·®³,
561,533936,562,2518,320,0,6,13,¾Î¬wZO,±¶¼¼®³¶Þ¯º³Ï´,
562,533936,563,2518,613,0,6,13,¾Î¬wZO,±¶¼¼®³¶Þ¯º³Ï´,
563,533936,564,2518,2160,0,6,13,¾Î¬wZO,±¶¼¼®³¶Þ¯º³Ï´,
564,533936,565,2518,2893,0,6,13,¾Î¬wZO,±¶¼¼®³¶Þ¯º³Ï´,
565,533936,566,2552,4921,0,6,15,âÀµÚ,·ÞÝ»ÞË¶Þ¼ÅÅÁ®³Ò,
566,533936,567,2554,2553,0,7,18,âÀwZüû,·ÞÝ»ÞÁ­³¶Þ¯º³²Ø¸ÞÁ,
567,533936,568,2554,2298,0,7,18,âÀwZüû,·ÞÝ»ÞÁ­³¶Þ¯º³²Ø¸ÞÁ,
568,533936,569,2554,2296,0,7,18,âÀwZüû,·ÞÝ»ÞÁ­³¶Þ¯º³²Ø¸ÞÁ,
569,533936,570,2554,2297,0,7,18,âÀwZüû,·ÞÝ»ÞÁ­³¶Þ¯º³²Ø¸ÞÁ,
570,533936,571,2555,6353,0,5,11,sêO,Á­³µ³²ÁÊÞÏ´,
571,533936,572,2558,1799,0,5,13,ÅXÖÇO,¼ÊÞÕ³ËÞÝ·®¸Ï´,
572,533936,573,2573,1869,0,6,12,¼V´ñÚ,Æ¼¼ÝÊÞ¼ÆÁ®³Ò,
573,533936,574,2594,1963,0,6,15,V´lÚ,¼ÝÊÞ¼ÖÝÁ®³ÒË¶Þ¼,
574,533936,575,2594,1962,0,6,15,V´lÚ,¼ÝÊÞ¼ÖÝÁ®³ÒË¶Þ¼,
575,533936,576,2594,2837,0,6,15,V´lÚ,¼ÝÊÞ¼ÖÝÁ®³ÒË¶Þ¼,
576,533936,577,2594,1964,0,6,15,V´lÚ,¼ÝÊÞ¼ÖÝÁ®³ÒË¶Þ¼,
577,533936,578,2599,663,0,6,12,¤x@k,±ÀºÞ¹²»Â¼®·À,
578,533936,579,2599,1944,0,6,12,¤x@k,±ÀºÞ¹²»Â¼®·À,
579,533936,580,2603,1812,0,6,11,ÕmåOÚ,Ä×ÉÓÝ»ÝÁ®³Ò,
580,533936,581,2603,1821,0,6,11,ÕmåOÚ,Ä×ÉÓÝ»ÝÁ®³Ò,
581,533936,582,2603,2621,0,6,11,ÕmåOÚ,Ä×ÉÓÝ»ÝÁ®³Ò,
582,533936,583,2603,2749,0,6,11,ÕmåOÚ,Ä×ÉÓÝ»ÝÁ®³Ò,
583,533936,584,2614,4563,0,4,11,à´ì,¶Å½·ÞÊÞ¼ÐÅÐ,
584,533936,585,2614,1431,0,4,11,à´ì,¶Å½·ÞÊÞ¼ÐÅÐ,
585,533936,586,2614,5768,0,4,11,à´ì,¶Å½·ÞÊÞ¼ÐÅÐ,
586,533936,587,2614,755,0,4,11,à´ì,¶Å½·ÞÊÞ¼ÐÅÐ,
587,533936,588,2691,1776,0,4,10,à´k,¶Å½·ÞÊÞ¼·À,
588,533936,589,2691,2614,0,4,10,à´k,¶Å½·ÞÊÞ¼·À,
589,533936,590,2692,2698,0,4,10,à´k,¶Å½·ÞÊÞ¼·À,
590,533936,591,2692,4519,0,4,10,à´k,¶Å½·ÞÊÞ¼·À,
591,533936,592,2692,2691,0,4,10,à´k,¶Å½·ÞÊÞ¼·À,
592,533936,593,2698,2027,0,6,12,l¼¬ñÚ,ÊÏÏÂÁ®³ÆÁ®³Ò,
593,533936,594,2698,2697,0,6,12,l¼¬ñÚ,ÊÏÏÂÁ®³ÆÁ®³Ò,
594,533936,595,2699,2691,0,6,12,l¼¬ñÚ,ÊÏÏÂÁ®³ÆÁ®³Ò,
595,533936,596,2699,2698,0,6,12,l¼¬ñÚ,ÊÏÏÂÁ®³ÆÁ®³Ò,
596,533936,597,2827,2847,0,6,16,V´öÊèû,¼ÝÊÞ¼ÔÅ·ÞÄÞµØ¸ÞÁ,
597,533936,598,2827,2604,0,6,16,V´öÊèû,¼ÝÊÞ¼ÔÅ·ÞÄÞµØ¸ÞÁ,
598,533936,599,2827,1965,0,6,16,V´öÊèû,¼ÝÊÞ¼ÔÅ·ÞÄÞµØ¸ÞÁ,
599,533936,600,2843,6738,0,5,11,V´ÜÚ,¼ÝÊÞ¼ºÞÁ®³Ò,
600,533936,601,2843,375,0,5,11,V´ÜÚ,¼ÝÊÞ¼ºÞÁ®³Ò,
601,533936,602,2843,2844,0,5,11,V´ÜÚ,¼ÝÊÞ¼ºÞÁ®³Ò,
602,533936,603,2843,419,0,5,11,V´ÜÚ,¼ÝÊÞ¼ºÞÁ®³Ò,
603,533936,604,2915,149,0,5,14,òC´l,»Ü³ÐÊÞ¼Ë¶Þ¼ÂÞÒ,
604,533936,605,2915,3142,0,5,14,òC´l,»Ü³ÐÊÞ¼Ë¶Þ¼ÂÞÒ,
605,533936,606,2915,4112,0,5,14,òC´l,»Ü³ÐÊÞ¼Ë¶Þ¼ÂÞÒ,
606,533936,607,2951,5227,0,3,8,ª}´,ÊÁ´ÀÞÊÞ¼,
607,533936,608,2951,1494,0,3,8,ª}´,ÊÁ´ÀÞÊÞ¼,
608,533936,609,2951,517,0,3,8,ª}´,ÊÁ´ÀÞÊÞ¼,
609,533936,610,2951,4798,0,3,8,ª}´,ÊÁ´ÀÞÊÞ¼,
610,533936,611,3022,1695,0,7,15,æêöO,Â·¼ÏÀÞ²²Áº³´ÝÏ´,
611,533936,612,3022,3023,0,7,15,æêöO,Â·¼ÏÀÞ²²Áº³´ÝÏ´,
612,533936,613,3022,3042,0,7,15,æêöO,Â·¼ÏÀÞ²²Áº³´ÝÏ´,
613,533936,614,3078,3077,0,4,9,ÏñÚ,Â¸ÀÞÆÁ®³Ò,
614,533936,615,3078,3087,0,4,9,ÏñÚ,Â¸ÀÞÆÁ®³Ò,
615,533936,616,3078,4098,0,4,9,ÏñÚ,Â¸ÀÞÆÁ®³Ò,
616,533936,617,3080,1715,0,3,7,Ïñk,Â¸ÀÞÆ·À,
617,533936,618,3080,3079,0,3,7,Ïñk,Â¸ÀÞÆ·À,
618,533936,619,3080,3091,0,3,7,Ïñk,Â¸ÀÞÆ·À,
619,533936,620,3118,6163,0,5,10,V»êÚ,¼Ý½Å²¯Á®³Ò,
620,533936,621,3118,4114,0,5,10,V»êÚ,¼Ý½Å²¯Á®³Ò,
621,533936,622,3118,3117,0,5,10,V»êÚ,¼Ý½Å²¯Á®³Ò,
622,533936,623,3123,473,0,4,9,Fè´ì,½»·ÊÞ¼ÐÅÐ,
623,533936,624,3123,833,0,4,9,Fè´ì,½»·ÊÞ¼ÐÅÐ,
624,533936,625,3129,877,0,3,10,ø´k,»»ÞÅÐÊÞ¼·À,
625,533936,626,3129,3167,0,3,10,ø´k,»»ÞÅÐÊÞ¼·À,
626,533936,627,3129,572,0,3,10,ø´k,»»ÞÅÐÊÞ¼·À,
627,533936,628,3129,882,0,3,10,ø´k,»»ÞÅÐÊÞ¼·À,
628,533936,629,3132,971,0,7,15,ì»³ª¦Êè,ÐÅÐ½ÅÓÄÊÁÏÝÄÞµØ,
629,533936,630,3132,3133,0,7,15,ì»³ª¦Êè,ÐÅÐ½ÅÓÄÊÁÏÝÄÞµØ,
630,533936,631,3132,4682,0,7,15,ì»³ª¦Êè,ÐÅÐ½ÅÓÄÊÁÏÝÄÞµØ,
631,533936,632,3132,4493,0,7,15,ì»³ª¦Êè,ÐÅÐ½ÅÓÄÊÁÏÝÄÞµØ,
632,533936,633,3133,972,0,6,13,³ª¦ðÔO,ÓÄÊÁÏÝº³ÊÞÝÏ´,
633,533936,634,3133,3132,0,6,13,³ª¦ðÔO,ÓÄÊÁÏÝº³ÊÞÝÏ´,
634,533936,635,3133,3134,0,6,13,³ª¦ðÔO,ÓÄÊÁÏÝº³ÊÞÝÏ´,
635,533936,636,3133,5369,0,6,13,³ª¦ðÔO,ÓÄÊÁÏÝº³ÊÞÝÏ´,
636,533936,637,3139,3140,0,5,11,ì»µÚ,ÐÅÐ½ÅÅÅÁ®³Ò,
637,533936,638,3139,3697,0,5,11,ì»µÚ,ÐÅÐ½ÅÅÅÁ®³Ò,
638,533936,639,3163,2217,0,6,14,æã@®àO,ÀÞ²·­³·ÄÞ³À²Ï´,
639,533936,640,3163,3117,0,6,14,æã@®àO,ÀÞ²·­³·ÄÞ³À²Ï´,
640,533936,641,3163,4491,0,6,14,æã@®àO,ÀÞ²·­³·ÄÞ³À²Ï´,
641,533936,642,3175,3178,0,5,9,ª©êÚ,¼µÐ²¯Á®³Ò,
642,533936,643,3175,3172,0,5,9,ª©êÚ,¼µÐ²¯Á®³Ò,
643,533936,644,3175,3174,0,5,9,ª©êÚ,¼µÐ²¯Á®³Ò,
644,533936,645,3216,1042,0,6,10,¼¼ñÚ,Æ¼¶»²ÆÁ®³Ò,
645,533936,646,3216,3217,0,6,10,¼¼ñÚ,Æ¼¶»²ÆÁ®³Ò,
646,533936,647,3216,3294,0,6,11,¼¼OÚ,Æ¼¶»²»ÝÁ®³Ò,
647,533936,648,3216,1035,0,6,11,¼¼OÚ,Æ¼¶»²»ÝÁ®³Ò,
648,533936,649,3218,189,0,7,16,æZ¼¬wZ,ÀÞ²Û¸¶»²¼®³¶Þ¯º³,
649,533936,650,3218,1178,0,7,16,æZ¼¬wZ,ÀÞ²Û¸¶»²¼®³¶Þ¯º³,
650,533936,651,3351,1186,0,7,13,¼æ¯Ùüû,¶»²¸ÐÝ¶Ý²Ø¸ÞÁ,
651,533936,652,3351,1190,0,7,13,¼æ¯Ùüû,¶»²¸ÐÝ¶Ý²Ø¸ÞÁ,
652,533936,653,3351,3350,0,7,13,¼æ¯Ùüû,¶»²¸ÐÝ¶Ý²Ø¸ÞÁ,
653,533936,654,3442,5001,0,5,11,C¤ibs,ÀÂÐ¼Þ¬Ý¸¼®Ý,
654,533936,655,3459,4808,0,5,9,C¤êÚ,ÀÂÐ²¯Á®³Ò,
655,533936,656,3459,3460,0,5,9,C¤êÚ,ÀÂÐ²¯Á®³Ò,
656,533936,657,3459,4307,0,5,9,C¤êÚ,ÀÂÐ²¯Á®³Ò,
657,533936,658,3459,532,0,5,9,C¤êÚ,ÀÂÐ²¯Á®³Ò,
658,533936,659,3459,4772,0,5,9,C¤êÚ,ÀÂÐ²¯Á®³Ò,
659,533936,660,3480,90,0,5,13,ÅYibs,¼ÊÞ³×¼Þ¬Ý¸¼®Ý,
660,533936,661,3481,6759,0,5,12,L¾ibs,±Ø±¹¼Þ¬Ý¸¼®Ý,
661,533936,662,3483,6230,0,4,9,L¾´¼,±Ø±¹ÊÞ¼Æ¼,
662,533936,663,3483,3874,0,4,9,L¾´¼,±Ø±¹ÊÞ¼Æ¼,
663,533936,664,3485,5709,0,5,12,L¾ibs,±Ø±¹¼Þ¬Ý¸¼®Ý,
664,533936,665,3486,4983,0,5,12,L¾ibs,±Ø±¹¼Þ¬Ý¸¼®Ý,
665,533936,666,3499,5979,0,5,11,¼ibs,¶»²¼Þ¬Ý¸¼®Ý,
666,533936,667,3502,3994,0,5,11,¼ibs,¶»²¼Þ¬Ý¸¼®Ý,
667,533936,668,3504,3999,0,5,11,¼ibs,¶»²¼Þ¬Ý¸¼®Ý,
668,533936,669,3509,5093,0,5,11,C¤ibs,ÀÂÐ¼Þ¬Ý¸¼®Ý,
669,533936,670,3517,126,0,7,13,¼ÕCöO,¶»²ØÝ¶²º³´ÝÏ´,
670,533936,671,3517,4811,0,7,13,¼ÕCöO,¶»²ØÝ¶²º³´ÝÏ´,
671,533936,672,3526,6721,0,3,6,©´,ÊÂÐÊÞ¼,
672,533936,673,3526,5826,0,3,6,©´,ÊÂÐÊÞ¼,
673,533936,674,3527,3457,0,3,6,©´,ÊÂÐÊÞ¼,
674,533936,675,3527,3526,0,3,6,©´,ÊÂÐÊÞ¼,
675,533936,676,3529,5377,0,5,9,°CêÚ,ÊÙÐ²¯Á®³Ò,
676,533936,677,3529,318,0,5,9,°CêÚ,ÊÙÐ²¯Á®³Ò,
677,533936,678,3532,3533,0,5,13,^®ê,Â·¼Ï³ÝÄÞ³¼Þ®³,
678,533936,679,3532,3535,0,5,13,^®ê,Â·¼Ï³ÝÄÞ³¼Þ®³,
679,533936,680,3532,5330,0,5,13,^®ê,Â·¼Ï³ÝÄÞ³¼Þ®³,
680,533936,681,3533,4915,0,4,8,tC´¼,ÊÙÐÊÞ¼Æ¼,
681,533936,682,3533,3536,0,4,8,tC´¼,ÊÙÐÊÞ¼Æ¼,
682,533936,683,3535,309,0,5,13,^®ê,Â·¼Ï³ÝÄÞ³¼Þ®³,
683,533936,684,3535,3534,0,5,13,^®ê,Â·¼Ï³ÝÄÞ³¼Þ®³,
684,533936,685,3536,3020,0,4,8,tC´¼,ÊÙÐÊÞ¼Æ¼,
685,533936,686,3536,3535,0,4,8,tC´¼,ÊÙÐÊÞ¼Æ¼,
686,533936,687,3537,442,0,4,7,x]cn,ÎØ´ÀÞÝÁ,
687,533936,688,3537,4724,0,4,7,x]cn,ÎØ´ÀÞÝÁ,
688,533936,689,3537,4725,0,4,7,x]cn,ÎØ´ÀÞÝÁ,
689,533936,690,3537,4783,0,4,7,x]cn,ÎØ´ÀÞÝÁ,
690,533936,691,3546,5831,0,4,9,LF´ì,ÄÖ½ÊÞ¼ÐÅÐ,
691,533936,692,3546,5393,0,4,9,LF´ì,ÄÖ½ÊÞ¼ÐÅÐ,
692,533936,693,3549,2468,0,5,10,L¾OÚ,±Ø±¹»ÝÁ®³Ò,
693,533936,694,3549,3597,0,5,10,L¾OÚ,±Ø±¹»ÝÁ®³Ò,
694,533936,695,3549,3879,0,5,10,L¾OÚ,±Ø±¹»ÝÁ®³Ò,
695,533936,696,3555,4968,0,4,15,ÅYo`,¼ÊÞ³×Êß°·Ý¸Þ´Ø±,
696,533936,697,3565,3926,0,9,10,eRZ^[O,ÃÚºÑ¾ÝÀ°Ï´,
697,533936,698,3565,3933,0,9,10,eRZ^[O,ÃÚºÑ¾ÝÀ°Ï´,
698,533936,699,3566,3473,0,7,10,e|[gwO,ÃÚÎß°Ä´·Ï´,
699,533936,700,3566,3852,0,7,10,e|[gwO,ÃÚÎß°Ä´·Ï´,
700,533936,701,3568,5460,0,6,15,âÀÜÚ,·ÞÝ»ÞË¶Þ¼ºÞÁ®³Ò,
701,533936,702,3570,4616,0,3,6,O´´,ÐÊ×ÊÞ¼,
702,533936,703,3570,6299,0,3,6,O´´,ÐÊ×ÊÞ¼,
703,533936,704,3571,3570,0,3,6,O´´,ÐÊ×ÊÞ¼,
704,533936,705,3571,4615,0,3,6,O´´,ÐÊ×ÊÞ¼,
705,533936,706,3581,5070,0,5,11,¼¿à,¶»²Ø®³·Ý¼Þ®,
706,533936,707,3582,3518,0,5,11,¼¿à,¶»²Ø®³·Ý¼Þ®,
707,533936,708,3588,4961,0,5,10,ñsäê,¼­Äº³ÀÞ²ÊÞ,
708,533936,709,3603,4553,0,3,6,ÜF´,ºÞ¼·Ê¼,
709,533936,710,3603,3829,0,3,6,ÜF´,ºÞ¼·Ê¼,
710,533936,711,3603,742,0,3,6,ÜF´,ºÞ¼·Ê¼,
711,533936,712,3606,5918,0,5,10,`ìlÚ,º³ÅÝÖÝÁ®³Ò,
712,533936,713,3606,4255,0,5,10,`ìlÚ,º³ÅÝÖÝÁ®³Ò,
713,533936,714,3606,745,0,5,10,`ìlÚ,º³ÅÝÖÝÁ®³Ò,
714,533936,715,3606,6097,0,5,10,`ìlÚ,º³ÅÝÖÝÁ®³Ò,
715,533936,716,3607,3608,0,5,11,ÜF´kl,ºÞ¼·Ê¼·ÀÂÞÒ,
716,533936,717,3607,5699,0,5,11,ÜF´kl,ºÞ¼·Ê¼·ÀÂÞÒ,
717,533936,718,3609,790,0,3,7,`h´,º³´²ÊÞ¼,
718,533936,719,3610,383,0,3,7,¬Ê´,¼µ»²ÊÞ¼,
719,533936,720,3610,1337,0,3,7,¬Ê´,¼µ»²ÊÞ¼,
720,533936,721,3612,5946,0,3,6,ªH´,¼µ¼ÞÊ¼,
721,533936,722,3612,1341,0,3,6,ªH´,¼µ¼ÞÊ¼,
722,533936,723,3612,5038,0,3,6,ªH´,¼µ¼ÞÊ¼,
723,533936,724,3612,6240,0,3,6,ªH´,¼µ¼ÞÊ¼,
724,533936,725,3613,372,0,3,6,Y´,³×¼ÏÊ¼,
725,533936,726,3613,3614,0,3,6,Y´,³×¼ÏÊ¼,
726,533936,727,3613,4852,0,3,6,Y´,³×¼ÏÊ¼,
727,533936,728,3613,344,0,3,6,Y´,³×¼ÏÊ¼,
728,533936,729,3616,5123,0,3,8,ìl´,ÐÅÐÊÏÊÞ¼,
729,533936,730,3616,3974,0,3,8,ìl´,ÐÅÐÊÏÊÞ¼,
730,533936,731,3616,5106,0,3,8,ìl´,ÐÅÐÊÏÊÞ¼,
731,533936,732,3616,5160,0,3,8,ìl´,ÐÅÐÊÏÊÞ¼,
732,533936,733,3618,2013,0,6,16,Å¤ÆZO,¼ÊÞ¼®³·Þ®³º³º³Ï´,
733,533936,734,3618,4867,0,6,16,Å¤ÆZO,¼ÊÞ¼®³·Þ®³º³º³Ï´,
734,533936,735,3618,5097,0,6,16,Å¤ÆZO,¼ÊÞ¼®³·Þ®³º³º³Ï´,
735,533936,736,3619,3620,0,3,7,¬æ´,¼µ»·ÊÞ¼,
736,533936,737,3619,4854,0,3,7,¬æ´,¼µ»·ÊÞ¼,
737,533936,738,3619,6030,0,3,7,¬æ´,¼µ»·ÊÞ¼,
738,533936,739,3624,3626,0,3,7,H´,Î³×²ÊÞ¼,
739,533936,740,3626,3627,0,3,7,H´,Î³×²ÊÞ¼,
740,533936,741,3632,5590,0,4,10,H´ì,Î³×²ÊÞ¼ÐÅÐ,
741,533936,742,3632,5291,0,4,10,H´ì,Î³×²ÊÞ¼ÐÅÐ,
742,533936,743,3635,5920,0,7,17,CmåwO,Ä³·®³¶²Ö³ÀÞ²¶Þ¸Ï´,
743,533936,744,3635,356,0,7,17,CmåwO,Ä³·®³¶²Ö³ÀÞ²¶Þ¸Ï´,
744,533936,745,3635,31,0,7,17,CmåwO,Ä³·®³¶²Ö³ÀÞ²¶Þ¸Ï´,
745,533936,746,3635,34,0,7,17,CmåwO,Ä³·®³¶²Ö³ÀÞ²¶Þ¸Ï´,
746,533936,747,3710,4002,0,8,16,Åövoû,¼ÊÞº³´Ý×ÝÌßÃÞ¸ÞÁ,
747,533936,748,3710,3709,0,8,16,Åövoû,¼ÊÞº³´Ý×ÝÌßÃÞ¸ÞÁ,
748,533936,749,3710,69,0,8,16,Åövoû,¼ÊÞº³´Ý×ÝÌßÃÞ¸ÞÁ,
749,533936,750,3714,531,0,7,11,ª©OhO,¼µÐ¸Þ×ÝÄÞÏ´,
750,533936,751,3714,5209,0,7,11,ª©OhO,¼µÐ¸Þ×ÝÄÞÏ´,
751,533936,752,3719,3720,0,7,14,æUo[Xüû,ÀÞ²Û¸ÊÞ°½²Ø¸ÞÁ,
752,533936,753,3720,734,0,5,8,ªªñÚ,Ô¼µÆÁ®³Ò,
753,533936,754,3720,3706,0,5,8,ªªñÚ,Ô¼µÆÁ®³Ò,
754,533936,755,3721,6681,0,7,14,æRÓªöO,ÀÞ²»ÝÌÄ³º³´ÝÏ´,
755,533936,756,3723,3537,0,7,8,¼^[~i,¶»²À°ÐÅÙ,
756,533936,757,3723,173,0,7,8,¼^[~i,¶»²À°ÐÅÙ,
757,533936,758,3768,773,0,5,13,âÀ¿à,·ÞÝ»ÞØ®³·Ý¼Þ®,
758,533936,759,3769,5852,0,5,13,âÀ¿à,·ÞÝ»ÞØ®³·Ý¼Þ®,
759,533936,760,3770,5442,0,5,13,¬¯¿à,¼µÄÞÒØ®³·Ý¼Þ®,
760,533936,761,3771,6559,0,5,10,ñs¬¯,¼­Äº³¼µÄÞÒ,
761,533936,762,3772,3771,0,5,13,¬¯¿à,¼µÄÞÒØ®³·Ý¼Þ®,
762,533936,763,3778,741,0,5,13,ÅY¿à,¼ÊÞ³×Ø®³·Ý¼Þ®,
763,533936,764,3779,3609,0,5,13,ÅY¿à,¼ÊÞ³×Ø®³·Ý¼Þ®,
764,533936,765,3789,1511,0,5,12,l¿à,¼µÊÏØ®³·Ý¼Þ®,
765,533936,766,3791,657,0,6,15,Åö¿à,¼ÊÞº³´ÝØ®³·Ý¼Þ®,
766,533936,767,3793,225,0,5,9,C¤úÔO,ÀÂÐÆ¯¾·Ï´,
767,533936,768,3793,6130,0,5,9,C¤úÔO,ÀÂÐÆ¯¾·Ï´,
768,533936,769,3793,3702,0,5,9,C¤úÔO,ÀÂÐÆ¯¾·Ï´,
769,533936,770,3848,3924,0,5,12,ªöì,¼µ¶¾Þº³´ÝÐÅÐ,
770,533936,771,3848,4880,0,5,12,ªöì,¼µ¶¾Þº³´ÝÐÅÐ,
771,533936,772,3850,3868,0,7,10,e|[gwO,ÃÚÎß°Ä´·Ï´,
772,533936,773,3850,3566,0,7,10,e|[gwO,ÃÚÎß°Ä´·Ï´,
773,533936,774,3855,3856,0,9,15,rbOTCgO,Ä³·®³ËÞ¯¸Þ»²ÄÏ´,
774,533936,775,3855,3865,0,9,15,rbOTCgO,Ä³·®³ËÞ¯¸Þ»²ÄÏ´,
775,533936,776,3856,5939,0,4,8,L¾wO,±Ø±¹´·Ï´,
776,533936,777,3856,3863,0,4,8,L¾wO,±Ø±¹´·Ï´,
777,533936,778,3860,5559,0,6,15,L¾´ì,±Ø±¹Á­³µ³ÊÞ¼ÐÅÐ,
778,533936,779,3860,5502,0,6,15,L¾´ì,±Ø±¹Á­³µ³ÊÞ¼ÐÅÐ,
779,533936,780,3863,3858,0,4,8,L¾wO,±Ø±¹´·Ï´,
780,533936,781,3863,4204,0,4,8,L¾wO,±Ø±¹´·Ï´,
781,533936,782,3864,5544,0,6,15,L¾´ì,±Ø±¹Á­³µ³ÊÞ¼ÐÅÐ,
782,533936,783,3864,3860,0,6,15,L¾´ì,±Ø±¹Á­³µ³ÊÞ¼ÐÅÐ,
783,533936,784,3864,5509,0,6,15,L¾´ì,±Ø±¹Á­³µ³ÊÞ¼ÐÅÐ,
784,533936,785,3865,3870,0,9,15,rbOTCgO,Ä³·®³ËÞ¯¸Þ»²ÄÏ´,
785,533936,786,3865,4205,0,9,15,rbOTCgO,Ä³·®³ËÞ¯¸Þ»²ÄÏ´,
786,533936,787,3867,3878,0,10,17,rbOTCg³å,Ä³·®³ËÞ¯¸Þ»²Ä¾²ÓÝ,
787,533936,788,3867,3880,0,10,17,rbOTCg³å,Ä³·®³ËÞ¯¸Þ»²Ä¾²ÓÝ,
788,533936,789,3868,3872,0,5,9,ÂCêÚ,±µÐ²¯Á®³Ò,
789,533936,790,3868,4909,0,5,9,ÂCêÚ,±µÐ²¯Á®³Ò,
790,533936,791,3869,3855,0,9,15,rbOTCgO,Ä³·®³ËÞ¯¸Þ»²ÄÏ´,
791,533936,792,3869,5562,0,9,15,rbOTCgO,Ä³·®³ËÞ¯¸Þ»²ÄÏ´,
792,533936,793,3870,3869,0,9,15,rbOTCgO,Ä³·®³ËÞ¯¸Þ»²ÄÏ´,
793,533936,794,3870,4922,0,9,15,rbOTCgO,Ä³·®³ËÞ¯¸Þ»²ÄÏ´,
794,533936,795,3871,5566,0,9,17,rbOTCg,Ä³·®³ËÞ¯¸Þ»²ÄË¶Þ¼,
795,533936,796,3871,5553,0,9,17,rbOTCg,Ä³·®³ËÞ¯¸Þ»²ÄË¶Þ¼,
796,533936,797,3871,5564,0,9,17,rbOTCg,Ä³·®³ËÞ¯¸Þ»²ÄË¶Þ¼,
797,533936,798,3872,3890,0,5,9,ÂCêÚ,±µÐ²¯Á®³Ò,
798,533936,799,3872,4330,0,5,9,ÂCêÚ,±µÐ²¯Á®³Ò,
799,533936,800,3873,3566,0,5,9,ÂCêÚ,±µÐ²¯Á®³Ò,
800,533936,801,3873,3868,0,5,9,ÂCêÚ,±µÐ²¯Á®³Ò,
801,533936,802,3874,3483,0,6,13,Clöüû,¶²ËÝº³´Ý²Ø¸ÞÁ,
802,533936,803,3874,3906,0,6,13,Clöüû,¶²ËÝº³´Ý²Ø¸ÞÁ,
803,533936,804,3874,4349,0,6,13,Clöüû,¶²ËÝº³´Ý²Ø¸ÞÁ,
804,533936,805,3874,4840,0,6,13,Clöüû,¶²ËÝº³´Ý²Ø¸ÞÁ,
805,533936,806,3875,3876,0,2,5,äê,ÀÞ²ÊÞ,
806,533936,807,3875,4797,0,2,5,äê,ÀÞ²ÊÞ,
807,533936,808,3876,3875,0,2,5,äê,ÀÞ²ÊÞ,
808,533936,809,3876,3877,0,2,5,äê,ÀÞ²ÊÞ,
809,533936,810,3876,4994,0,2,5,äê,ÀÞ²ÊÞ,
810,533936,811,3876,4975,0,2,5,äê,ÀÞ²ÊÞ,
811,533936,812,3877,4821,0,2,5,äê,ÀÞ²ÊÞ,
812,533936,813,3877,3875,0,2,5,äê,ÀÞ²ÊÞ,
813,533936,814,3877,3876,0,2,5,äê,ÀÞ²ÊÞ,
814,533936,815,3882,3867,0,10,17,rbOTCg³å,Ä³·®³ËÞ¯¸Þ»²Ä¾²ÓÝ,
815,533936,816,3882,3870,0,10,17,rbOTCg³å,Ä³·®³ËÞ¯¸Þ»²Ä¾²ÓÝ,
816,533936,817,3882,4885,0,10,17,rbOTCg³å,Ä³·®³ËÞ¯¸Þ»²Ä¾²ÓÝ,
817,533936,818,3890,3873,0,5,9,ÂCêÚ,±µÐ²¯Á®³Ò,
818,533936,819,3890,4987,0,5,9,ÂCêÚ,±µÐ²¯Á®³Ò,
819,533936,820,3896,3901,0,3,5,VØê,¼Ý·ÊÞ,
820,533936,821,3896,5046,0,3,5,VØê,¼Ý·ÊÞ,
821,533936,822,3896,5211,0,3,5,VØê,¼Ý·ÊÞ,
822,533936,823,3901,3895,0,3,5,VØê,¼Ý·ÊÞ,
823,533936,824,3901,3896,0,3,5,VØê,¼Ý·ÊÞ,
824,533936,825,3903,3946,0,9,10,eRZ^[O,ÃÚºÑ¾ÝÀ°Ï´,
825,533936,826,3903,3947,0,9,10,eRZ^[O,ÃÚºÑ¾ÝÀ°Ï´,
826,533936,827,3904,3903,0,9,10,eRZ^[O,ÃÚºÑ¾ÝÀ°Ï´,
827,533936,828,3904,3905,0,9,10,eRZ^[O,ÃÚºÑ¾ÝÀ°Ï´,
828,533936,829,3906,3874,0,6,13,Clöüû,¶²ËÝº³´Ý²Ø¸ÞÁ,
829,533936,830,3906,3907,0,6,13,Clöüû,¶²ËÝº³´Ý²Ø¸ÞÁ,
830,533936,831,3906,3918,0,6,13,Clöüû,¶²ËÝº³´Ý²Ø¸ÞÁ,
831,533936,832,3906,4840,0,6,13,Clöüû,¶²ËÝº³´Ý²Ø¸ÞÁ,
832,533936,833,3907,3906,0,5,6,V[AO,¼°Ø±Ï´,
833,533936,834,3907,3908,0,5,6,V[AO,¼°Ø±Ï´,
834,533936,835,3907,3919,0,5,6,V[AO,¼°Ø±Ï´,
835,533936,836,3912,5124,0,4,9,äêwO,ÀÞ²ÊÞ´·Ï´,
836,533936,837,3912,3916,0,4,9,äêwO,ÀÞ²ÊÞ´·Ï´,
837,533936,838,3913,3912,0,4,9,äêwO,ÀÞ²ÊÞ´·Ï´,
838,533936,839,3913,6092,0,4,9,äêwO,ÀÞ²ÊÞ´·Ï´,
839,533936,840,3913,3877,0,4,9,äêwO,ÀÞ²ÊÞ´·Ï´,
840,533936,841,3916,3849,0,4,9,äêwO,ÀÞ²ÊÞ´·Ï´,
841,533936,842,3916,3917,0,4,9,äêwO,ÀÞ²ÊÞ´·Ï´,
842,533936,843,3916,6223,0,4,9,äêwO,ÀÞ²ÊÞ´·Ï´,
843,533936,844,3917,5089,0,4,9,äêwO,ÀÞ²ÊÞ´·Ï´,
844,533936,845,3917,3913,0,4,9,äêwO,ÀÞ²ÊÞ´·Ï´,
845,533936,846,3918,4982,0,5,11,äêêÚ,ÀÞ²ÊÞ²¯Á®³Ò,
846,533936,847,3918,4988,0,5,11,äêêÚ,ÀÞ²ÊÞ²¯Á®³Ò,
847,533936,848,3920,3874,0,5,11,äêêÚ,ÀÞ²ÊÞ²¯Á®³Ò,
848,533936,849,3920,3918,0,5,11,äêêÚ,ÀÞ²ÊÞ²¯Á®³Ò,
849,533936,850,3923,4896,0,5,11,ªök,¼µ¶¾Þº³´Ý·À,
850,533936,851,3924,6658,0,5,12,ªöì,¼µ¶¾Þº³´ÝÐÅÐ,
851,533936,852,3924,3923,0,5,12,ªöì,¼µ¶¾Þº³´ÝÐÅÐ,
852,533936,853,3925,4905,0,7,14,DÌÈwÙüû,ÌÈÉ¶¶Þ¸¶Ý²Ø¸ÞÁ,
853,533936,854,3925,3928,0,7,14,DÌÈwÙüû,ÌÈÉ¶¶Þ¸¶Ý²Ø¸ÞÁ,
854,533936,855,3926,3944,0,9,10,eRZ^[O,ÃÚºÑ¾ÝÀ°Ï´,
855,533936,856,3926,3945,0,9,10,eRZ^[O,ÃÚºÑ¾ÝÀ°Ï´,
856,533936,857,3927,4913,0,7,14,DÌÈwÙüû,ÌÈÉ¶¶Þ¸¶Ý²Ø¸ÞÁ,
857,533936,858,3927,3925,0,7,14,DÌÈwÙüû,ÌÈÉ¶¶Þ¸¶Ý²Ø¸ÞÁ,
858,533936,859,3928,3927,0,7,14,DÌÈwÙüû,ÌÈÉ¶¶Þ¸¶Ý²Ø¸ÞÁ,
859,533936,860,3928,3936,0,7,14,DÌÈwÙüû,ÌÈÉ¶¶Þ¸¶Ý²Ø¸ÞÁ,
860,533936,861,3928,794,0,7,14,DÌÈwÙüû,ÌÈÉ¶¶Þ¸¶Ý²Ø¸ÞÁ,
861,533936,862,3932,4958,0,6,8,eRwO,ÃÚºÑ´·Ï´,
862,533936,863,3932,3933,0,6,8,eRwO,ÃÚºÑ´·Ï´,
863,533936,864,3932,3937,0,6,8,eRwO,ÃÚºÑ´·Ï´,
864,533936,865,3932,4908,0,6,8,eRwO,ÃÚºÑ´·Ï´,
865,533936,866,3933,3930,0,6,8,eRwO,ÃÚºÑ´·Ï´,
866,533936,867,3933,3932,0,6,8,eRwO,ÃÚºÑ´·Ï´,
867,533936,868,3933,4933,0,6,8,eRwO,ÃÚºÑ´·Ï´,
868,533936,869,3933,4908,0,6,8,eRwO,ÃÚºÑ´·Ï´,
869,533936,870,3935,3927,0,8,18,pÝx@O,Ä³·®³ÜÝ¶ÞÝ¹²»Â¼®Ï´,
870,533936,871,3935,4330,0,8,18,pÝx@O,Ä³·®³ÜÝ¶ÞÝ¹²»Â¼®Ï´,
871,533936,872,3935,3936,0,8,18,pÝx@O,Ä³·®³ÜÝ¶ÞÝ¹²»Â¼®Ï´,
872,533936,873,3935,4904,0,8,18,pÝx@O,Ä³·®³ÜÝ¶ÞÝ¹²»Â¼®Ï´,
873,533936,874,3936,3931,0,8,18,pÝx@O,Ä³·®³ÜÝ¶ÞÝ¹²»Â¼®Ï´,
874,533936,875,3936,4399,0,8,18,pÝx@O,Ä³·®³ÜÝ¶ÞÝ¹²»Â¼®Ï´,
875,533936,876,3936,4904,0,8,18,pÝx@O,Ä³·®³ÜÝ¶ÞÝ¹²»Â¼®Ï´,
876,533936,877,3936,3935,0,8,18,pÝx@O,Ä³·®³ÜÝ¶ÞÝ¹²»Â¼®Ï´,
877,533936,878,3945,3904,0,9,10,eRZ^[O,ÃÚºÑ¾ÝÀ°Ï´,
878,533936,879,3947,3565,0,9,10,eRZ^[O,ÃÚºÑ¾ÝÀ°Ï´,
879,533936,880,3958,4692,0,6,12,ñs´V¬,¼­Äº³¾²¼ÝÁ®³,
880,533936,881,3971,3785,0,5,13,äê¿à,ÀÞ²ÊÞØ®³·Ý¼Þ®,
881,533936,882,4014,3940,0,10,20,pÝA_[oû,Ä³·®³ÜÝ¶ÞÝ±ÝÀÞ°ÃÞ¸ÞÁ,
882,533936,883,4014,4960,0,10,20,pÝA_[oû,Ä³·®³ÜÝ¶ÞÝ±ÝÀÞ°ÃÞ¸ÞÁ,
883,533936,884,4015,4898,0,10,20,pÝA_[oû,Ä³·®³ÜÝ¶ÞÝ±ÝÀÞ°ÃÞ¸ÞÁ,
884,533936,885,4015,4014,0,10,20,pÝA_[oû,Ä³·®³ÜÝ¶ÞÝ±ÝÀÞ°ÃÞ¸ÞÁ,
885,533936,886,4312,3982,0,6,17,C¤æQo`,ÀÂÐÀÞ²ÆÊß°·Ý¸Þ´Ø±,
886,533936,887,4315,3509,0,6,18,C¤æPo`,ÀÂÐÀÞ²²ÁÊß°·Ý¸Þ´Ø±,
887,533936,888,4351,4350,0,7,11,C{[üû,Ú²ÝÎÞ°²Ø¸ÞÁ,
888,533936,889,4351,4353,0,7,11,C{[üû,Ú²ÝÎÞ°²Ø¸ÞÁ,
889,533936,890,4352,4357,0,7,11,C{[üû,Ú²ÝÎÞ°²Ø¸ÞÁ,
890,533936,891,4352,4351,0,7,11,C{[üû,Ú²ÝÎÞ°²Ø¸ÞÁ,
891,533936,892,4353,4788,0,7,11,C{[üû,Ú²ÝÎÞ°²Ø¸ÞÁ,
892,533936,893,4353,4354,0,7,11,C{[üû,Ú²ÝÎÞ°²Ø¸ÞÁ,
893,533936,894,4354,5163,0,7,11,C{[üû,Ú²ÝÎÞ°²Ø¸ÞÁ,
894,533936,895,4354,4352,0,7,11,C{[üû,Ú²ÝÎÞ°²Ø¸ÞÁ,
895,533936,896,4357,4345,0,7,11,C{[üû,Ú²ÝÎÞ°²Ø¸ÞÁ,
896,533936,897,4558,4246,0,9,19,Å£{¶ëO,·­³¼ÊÞØ·­³µÝ¼Ã²´ÝÏ´,
897,533936,898,4558,683,0,9,19,Å£{¶ëO,·­³¼ÊÞØ·­³µÝ¼Ã²´ÝÏ´,
898,533936,899,4558,6153,0,9,19,Å£{¶ëO,·­³¼ÊÞØ·­³µÝ¼Ã²´ÝÏ´,
899,533936,900,4774,2242,0,5,11,´Vêk,¾²¼Ý²¯Á­³·À,
900,533936,901,4774,4158,0,5,11,´Vêk,¾²¼Ý²¯Á­³·À,
901,533936,902,4774,5325,0,5,11,´Vêk,¾²¼Ý²¯Á­³·À,
902,533936,903,4774,4796,0,5,11,´Vêk,¾²¼Ý²¯Á­³·À,
903,533936,904,4781,4775,0,5,12,´V¬üû,¾²¼ÝÁ®³²Ø¸ÞÁ,
904,533936,905,4786,6599,0,3,8,¬¯ì,¼µÄÞÒÐÅÐ,
905,533936,906,4786,6516,0,3,8,¬¯ì,¼µÄÞÒÐÅÐ,
906,533936,907,4799,6560,0,6,12,l£{ëO,ÊÏØ·­³Ã²´ÝÏ´,
907,533936,908,4799,3775,0,6,12,l£{ëO,ÊÏØ·­³Ã²´ÝÏ´,
908,533936,909,4801,5266,0,6,15,´V¬¿à,¾²¼ÝÁ®³Ø®³·Ý¼Þ®,
909,533936,910,4807,5336,0,5,8,LFuªO,ÄÖ½ÌÄ³Ï´,
910,533936,911,4807,5548,0,5,8,LFuªO,ÄÖ½ÌÄ³Ï´,
911,533936,912,4807,4184,0,5,8,LFuªO,ÄÖ½ÌÄ³Ï´,
912,533936,913,4807,155,0,5,8,LFuªO,ÄÖ½ÌÄ³Ï´,
913,533936,914,4813,3212,0,9,15,ÃçZ^[O,Ä³ÌÞØ®³²¸¾ÝÀ°Ï´,
914,533936,915,4813,4825,0,9,15,ÃçZ^[O,Ä³ÌÞØ®³²¸¾ÝÀ°Ï´,
915,533936,916,4813,3658,0,9,15,ÃçZ^[O,Ä³ÌÞØ®³²¸¾ÝÀ°Ï´,
916,533936,917,4819,4338,0,10,17,]ãÃZ^[üû,º³Ä³²Ø®³¾ÝÀ°²Ø¸ÞÁ,
917,533936,918,4819,4839,0,10,17,]ãÃZ^[üû,º³Ä³²Ø®³¾ÝÀ°²Ø¸ÞÁ,
918,533936,919,4854,5446,0,3,7,¬æ´,¼µ»·ÊÞ¼,
919,533936,920,4854,6171,0,3,7,¬æ´,¼µ»·ÊÞ¼,
920,533936,921,4867,5097,0,6,16,Å¤ÆZO,¼ÊÞ¼®³·Þ®³º³º³Ï´,
921,533936,922,4867,5090,0,6,16,Å¤ÆZO,¼ÊÞ¼®³·Þ®³º³º³Ï´,
922,533936,923,4867,369,0,6,16,Å¤ÆZO,¼ÊÞ¼®³·Þ®³º³º³Ï´,
923,533936,924,4867,3618,0,6,16,Å¤ÆZO,¼ÊÞ¼®³·Þ®³º³º³Ï´,
924,533936,925,4921,3629,0,3,7,H´,Î³×²ÊÞ¼,
925,533936,926,5074,5258,0,5,12,´V¬üû,¾²¼ÝÁ®³²Ø¸ÞÁ,
926,533936,927,5099,412,0,5,12,_ibs,¼ÉÉÒ¼Þ¬Ý¸¼®Ý,
927,533936,928,5123,123,0,3,8,ìl´,ÐÅÐÊÏÊÞ¼,
928,533936,929,5123,5151,0,3,8,ìl´,ÐÅÐÊÏÊÞ¼,
929,533936,930,5123,5160,0,3,8,ìl´,ÐÅÐÊÏÊÞ¼,
930,533936,931,5123,3616,0,3,8,ìl´,ÐÅÐÊÏÊÞ¼,
931,533936,932,5185,3511,0,5,10,åäÅÖO,µµ²¾Þ²¶ÝÏ´,
932,533936,933,5185,5510,0,5,10,åäÅÖO,µµ²¾Þ²¶ÝÏ´,
933,533936,934,5185,5876,0,5,10,åäÅÖO,µµ²¾Þ²¶ÝÏ´,
934,533936,935,5193,5465,0,7,14,æUo[Xüû,ÀÞ²Û¸ÊÞ°½²Ø¸ÞÁ,
935,533936,936,5193,5642,0,7,14,æUo[Xüû,ÀÞ²Û¸ÊÞ°½²Ø¸ÞÁ,
936,533936,937,5200,5514,0,5,8,ªªñÚ,Ô¼µÆÁ®³Ò,
937,533936,938,5200,3720,0,5,8,ªªñÚ,Ô¼µÆÁ®³Ò,
938,533936,939,5207,5200,0,7,14,æRÓªöO,ÀÞ²»ÝÌÄ³º³´ÝÏ´,
939,533936,940,5214,5649,0,6,16,k¤´l,Î¸ÌÞØ¯·®³Ë¶Þ¼ÂÞÒ,
940,533936,941,5248,5116,0,5,10,`æðO,ÐÅÄ¸Ô¸¼®Ï´,
941,533936,942,5248,2559,0,5,10,`æðO,ÐÅÄ¸Ô¸¼®Ï´,
942,533936,943,5255,534,0,6,13,VØê¿à,¼Ý·ÊÞØ®³·Ý¼Þ®,
943,533936,944,5262,5938,0,5,12,_ibs,¼ÉÉÒ¼Þ¬Ý¸¼®Ý,
944,533936,945,5263,5992,0,6,13,°Cå´ìl,ÊÙÐµµÊ¼ÐÅÐÂÞÒ,
945,533936,946,5263,5315,0,6,13,°Cå´ìl,ÊÙÐµµÊ¼ÐÅÐÂÞÒ,
946,533936,947,5272,5109,0,3,5,ä¬å,µÅØÓÝ,
947,533936,948,5272,4379,0,3,5,ä¬å,µÅØÓÝ,
948,533936,949,5272,653,0,3,5,ä¬å,µÅØÓÝ,
949,533936,950,5272,5153,0,3,5,ä¬å,µÅØÓÝ,
950,533936,951,5284,5176,0,5,13,ÅXÖÇO,¼ÊÞÕ³ËÞÝ·®¸Ï´,
951,533936,952,5292,5314,0,6,12,¼V´ñÚ,Æ¼¼ÝÊÞ¼ÆÁ®³Ò,
952,533936,953,5307,650,0,3,7,¼V´,Æ¼¼ÝÊÞ¼,
953,533936,954,5307,5241,0,3,7,¼V´,Æ¼¼ÝÊÞ¼,
954,533936,955,5309,5340,0,6,13,°Cå´ìl,ÊÙÐµµÊ¼ÐÅÐÂÞÒ,
955,533936,956,5309,5965,0,6,13,°Cå´ìl,ÊÙÐµµÊ¼ÐÅÐÂÞÒ,
956,533936,957,5315,5309,0,6,13,°Cå´ìl,ÊÙÐµµÊ¼ÐÅÐÂÞÒ,
957,533936,958,5315,5748,0,6,13,°Cå´ìl,ÊÙÐµµÊ¼ÐÅÐÂÞÒ,
958,533936,959,5316,3977,0,6,15,|ÅV´üû,À¹¼ÊÞ»ÝÊÞ¼²Ø¸ÞÁ,
959,533936,960,5322,585,0,8,13,L¾RVA,±Ø±¹ºÛ¼±ÑË¶Þ¼,
960,533936,961,5322,5951,0,8,13,L¾RVA,±Ø±¹ºÛ¼±ÑË¶Þ¼,
961,533936,962,5322,2342,0,8,13,L¾RVA,±Ø±¹ºÛ¼±ÑË¶Þ¼,
962,533936,963,5322,5533,0,8,13,L¾RVA,±Ø±¹ºÛ¼±ÑË¶Þ¼,
963,533936,964,5336,5520,0,5,8,LFuªO,ÄÖ½ÌÄ³Ï´,
964,533936,965,5336,5384,0,5,8,LFuªO,ÄÖ½ÌÄ³Ï´,
965,533936,966,5336,4807,0,5,8,LFuªO,ÄÖ½ÌÄ³Ï´,
966,533936,967,5336,5548,0,5,8,LFuªO,ÄÖ½ÌÄ³Ï´,
967,533936,968,5340,6552,0,6,13,°Cå´ìl,ÊÙÐµµÊ¼ÐÅÐÂÞÒ,
968,533936,969,5340,5263,0,6,13,°Cå´ìl,ÊÙÐµµÊ¼ÐÅÐÂÞÒ,
969,533936,970,5348,5776,0,5,9,°ClÚ,ÊÙÐÖÝÁ®³Ò,
970,533936,971,5348,607,0,5,9,°ClÚ,ÊÙÐÖÝÁ®³Ò,
971,533936,972,5348,5774,0,5,9,°ClÚ,ÊÙÐÖÝÁ®³Ò,
972,533936,973,5348,1614,0,5,9,°ClÚ,ÊÙÐÖÝÁ®³Ò,
973,533936,974,5366,3531,0,5,9,°CêÚ,ÊÙÐ²¯Á®³Ò,
974,533936,975,5366,3529,0,5,9,°CêÚ,ÊÙÐ²¯Á®³Ò,
975,533936,976,5371,179,0,5,9,°COÚ,ÊÙÐ»ÝÁ®³Ò,
976,533936,977,5371,6011,0,5,9,°COÚ,ÊÙÐ»ÝÁ®³Ò,
977,533936,978,5372,5550,0,6,14,L¾´k,±Ø±¹Á­³µ³ÊÞ¼·À,
978,533936,979,5372,5374,0,6,14,L¾´k,±Ø±¹Á­³µ³ÊÞ¼·À,
979,533936,980,5372,5524,0,6,14,L¾´k,±Ø±¹Á­³µ³ÊÞ¼·À,
980,533936,981,5374,5481,0,6,14,L¾´k,±Ø±¹Á­³µ³ÊÞ¼·À,
981,533936,982,5374,5554,0,6,14,L¾´k,±Ø±¹Á­³µ³ÊÞ¼·À,
982,533936,983,5377,154,0,5,8,°CñÚ,ÊÙÐÆÁ®³Ò,
983,533936,984,5377,5371,0,5,8,°CñÚ,ÊÙÐÆÁ®³Ò,
984,533936,985,5379,160,0,4,7,LFwO,ÄÖ½´·Ï´,
985,533936,986,5379,159,0,4,7,LFwO,ÄÖ½´·Ï´,
986,533936,987,5379,5368,0,4,7,LFwO,ÄÖ½´·Ï´,
987,533936,988,5379,5392,0,4,7,LFwO,ÄÖ½´·Ï´,
988,533936,989,5393,3584,0,5,9,LFêÚ,ÄÖ½²¯Á®³Ò,
989,533936,990,5393,3546,0,5,9,LFêÚ,ÄÖ½²¯Á®³Ò,
990,533936,991,5393,5398,0,5,9,LFêÚ,ÄÖ½²¯Á®³Ò,
991,533936,992,5452,5728,0,6,10,©¦Âw¼,¶´Â¶Þ¸´ÝÆ¼,
992,533936,993,5452,4225,0,6,10,©¦Âw¼,¶´Â¶Þ¸´ÝÆ¼,
993,533936,994,5452,6246,0,6,10,©¦Âw¼,¶´Â¶Þ¸´ÝÆ¼,
994,533936,995,5452,5453,0,6,10,©¦Âw¼,¶´Â¶Þ¸´ÝÆ¼,
995,533936,996,5453,269,0,6,10,©¦Âw¼,¶´Â¶Þ¸´ÝÆ¼,
996,533936,997,5453,5452,0,6,10,©¦Âw¼,¶´Â¶Þ¸´ÝÆ¼,
997,533936,998,5453,5519,0,6,10,©¦Âw¼,¶´Â¶Þ¸´ÝÆ¼,
998,533936,999,5453,5728,0,6,10,©¦Âw¼,¶´Â¶Þ¸´ÝÆ¼,
999,533936,1000,5472,5494,0,7,15,ñs¬¯oû,¼­Äº³¼µÄÞÒÃÞ¸ÞÁ,
1000,533936,1001,5472,3776,0,7,15,ñs¬¯oû,¼­Äº³¼µÄÞÒÃÞ¸ÞÁ,
1001,533936,1002,5493,6121,0,5,12,_ibs,¼ÉÉÒ¼Þ¬Ý¸¼®Ý,
1002,533936,1003,5537,6451,0,5,9,pæè´k,¶¸ÉØÊÞ¼·À,
1003,533936,1004,5537,5570,0,5,9,pæè´k,¶¸ÉØÊÞ¼·À,
1004,533936,1005,5541,5528,0,5,9,pæè´k,¶¸ÉØÊÞ¼·À,
1005,533936,1006,5541,5537,0,5,9,pæè´k,¶¸ÉØÊÞ¼·À,
1006,533936,1007,5541,5712,0,5,9,pæè´k,¶¸ÉØÊÞ¼·À,
1007,533936,1008,5553,5568,0,5,10,pæè´ì,¶¸ÉØÊÞ¼ÐÅÐ,
1008,533936,1009,5553,6109,0,5,10,pæè´ì,¶¸ÉØÊÞ¼ÐÅÐ,
1009,533936,1010,5558,5940,0,5,10,pæè´ì,¶¸ÉØÊÞ¼ÐÅÐ,
1010,533936,1011,5558,5553,0,5,10,pæè´ì,¶¸ÉØÊÞ¼ÐÅÐ,
1011,533936,1012,5558,5564,0,5,10,pæè´ì,¶¸ÉØÊÞ¼ÐÅÐ,
1012,533936,1013,5564,3871,0,9,17,rbOTCg,Ä³·®³ËÞ¯¸Þ»²ÄË¶Þ¼,
1013,533936,1014,5564,5713,0,9,17,rbOTCg,Ä³·®³ËÞ¯¸Þ»²ÄË¶Þ¼,
1014,533936,1015,5583,6290,0,8,16,¼¼UÚæO,Æ¼¶»²Û¸Á®³ÒÀÞ²»Ý,
1015,533936,1016,5587,6295,0,6,10,ÕmåñÚ,Ä×ÉÓÝÆÁ®³Ò,
1016,533936,1017,5587,1814,0,6,10,ÕmåñÚ,Ä×ÉÓÝÆÁ®³Ò,
1017,533936,1018,5587,6641,0,6,10,ÕmåñÚ,Ä×ÉÓÝÆÁ®³Ò,
1018,533936,1019,5587,748,0,6,10,ÕmåñÚ,Ä×ÉÓÝÆÁ®³Ò,
1019,533936,1020,5595,6052,0,4,11,N´,ÏÝÈÝÊÞ¼Ë¶Þ¼,
1020,533936,1021,5596,5856,0,5,10,znlÚ,Â·¼ÞÖÝÁ®³Ò,
1021,533936,1022,5596,6480,0,5,10,znlÚ,Â·¼ÞÖÝÁ®³Ò,
1022,533936,1023,5623,5621,0,6,16,ì¤´l,ÅÝÌÞØ¯·®³Ë¶Þ¼ÂÞÒ,
1023,533936,1024,5623,3452,0,6,16,ì¤´l,ÅÝÌÞØ¯·®³Ë¶Þ¼ÂÞÒ,
1024,533936,1025,5623,737,0,6,16,ì¤´l,ÅÝÌÞØ¯·®³Ë¶Þ¼ÂÞÒ,
1025,533936,1026,5642,3719,0,7,14,æUo[Xüû,ÀÞ²Û¸ÊÞ°½²Ø¸ÞÁ,
1026,533936,1027,5642,735,0,7,14,æUo[Xüû,ÀÞ²Û¸ÊÞ°½²Ø¸ÞÁ,
1027,533936,1028,5667,358,0,6,9,V¤FAC,ÃÝÉ³½Þ±²Ù,
1028,533936,1029,5667,3782,0,6,9,V¤FAC,ÃÝÉ³½Þ±²Ù,
1029,533936,1030,5672,5062,0,8,14,ñsÕCsS,¼­Äº³ØÝ¶²Ì¸Ä¼Ý,
1030,533936,1031,5681,710,0,5,12,üÇO,Ä³·®³Æ­³¶ÝÏ´,
1031,533936,1032,5681,6500,0,5,12,üÇO,Ä³·®³Æ­³¶ÝÏ´,
1032,533936,1033,5695,5924,0,8,12,tF[Óªüû,ÌªØ°ÌÄ³²Ø¸ÞÁ,
1033,533936,1034,5695,6094,0,8,12,tF[Óªüû,ÌªØ°ÌÄ³²Ø¸ÞÁ,
1034,533936,1035,5721,5947,0,6,11,xm©´åO,Ì¼ÞÐÊÞ¼ÓÝÏ´,
1035,533936,1036,5721,5719,0,6,11,xm©´åO,Ì¼ÞÐÊÞ¼ÓÝÏ´,
1036,533936,1037,5721,5948,0,6,11,xm©´åO,Ì¼ÞÐÊÞ¼ÓÝÏ´,
1037,533936,1038,5725,6119,0,9,14,L¾ejXÌXwO,±Ø±¹ÃÆ½ÉÓØ´·Ï´,
1038,533936,1039,5725,5951,0,9,14,L¾ejXÌXwO,±Ø±¹ÃÆ½ÉÓØ´·Ï´,
1039,533936,1040,5725,5723,0,9,14,L¾ejXÌXwO,±Ø±¹ÃÆ½ÉÓØ´·Ï´,
1040,533936,1041,5725,5724,0,9,14,L¾ejXÌXwO,±Ø±¹ÃÆ½ÉÓØ´·Ï´,
1041,533936,1042,5793,181,0,5,9,Ç«wO,¶ÁÄÞ·´·Ï´,
1042,533936,1043,5793,6032,0,5,9,Ç«wO,¶ÁÄÞ·´·Ï´,
1043,533936,1044,5794,4166,0,5,9,Ç«wO,¶ÁÄÞ·´·Ï´,
1044,533936,1045,5794,6007,0,5,9,Ç«wO,¶ÁÄÞ·´·Ï´,
1045,533936,1046,5797,178,0,5,9,°COÚ,ÊÙÐ»ÝÁ®³Ò,
1046,533936,1047,5797,6466,0,5,9,°COÚ,ÊÙÐ»ÝÁ®³Ò,
1047,533936,1048,5816,5591,0,3,7,¬¯k,¼µÄÞÒ·À,
1048,533936,1049,5816,6024,0,3,7,¬¯k,¼µÄÞÒ·À,
1049,533936,1050,5818,6774,0,2,5,¬¯,¼µÄÞÒ,
1050,533936,1051,5821,3619,0,3,7,¬æ´,¼µ»·ÊÞ¼,
1051,533936,1052,5821,6417,0,3,7,¬æ´,¼µ»·ÊÞ¼,
1052,533936,1053,5839,6041,0,8,15,¼¼UÚæñ,Æ¼¶»²Û¸Á®³ÒÀÞ²Æ,
1053,533936,1054,5843,427,0,6,13,¼V´êÚ,Æ¼¼ÝÊÞ¼²¯Á®³Ò,
1054,533936,1055,5843,6603,0,6,13,¼V´êÚ,Æ¼¼ÝÊÞ¼²¯Á®³Ò,
1055,533936,1056,5843,2533,0,6,13,¼V´êÚ,Æ¼¼ÝÊÞ¼²¯Á®³Ò,
1056,533936,1057,5843,6182,0,6,13,¼V´êÚ,Æ¼¼ÝÊÞ¼²¯Á®³Ò,
1057,533936,1058,5845,334,0,7,12,ÕmåñÚ¼,Ä×ÉÓÝÆÁ®³ÒÆ¼,
1058,533936,1059,5845,6363,0,7,12,ÕmåñÚ¼,Ä×ÉÓÝÆÁ®³ÒÆ¼,
1059,533936,1060,5845,50,0,7,12,ÕmåñÚ¼,Ä×ÉÓÝÆÁ®³ÒÆ¼,
1060,533936,1061,5845,77,0,7,12,ÕmåñÚ¼,Ä×ÉÓÝÆÁ®³ÒÆ¼,
1061,533936,1062,5855,139,0,5,10,znlÚ,Â·¼ÞÖÝÁ®³Ò,
1062,533936,1063,5855,5596,0,5,10,znlÚ,Â·¼ÞÖÝÁ®³Ò,
1063,533936,1064,5856,140,0,5,10,znlÚ,Â·¼ÞÖÝÁ®³Ò,
1064,533936,1065,5856,5857,0,5,10,znlÚ,Â·¼ÞÖÝÁ®³Ò,
1065,533936,1066,5876,361,0,5,10,åäÅÖO,µµ²¾Þ²¶ÝÏ´,
1066,533936,1067,5876,5877,0,5,10,åäÅÖO,µµ²¾Þ²¶ÝÏ´,
1067,533936,1068,5924,6101,0,8,12,tF[Óªüû,ÌªØ°ÌÄ³²Ø¸ÞÁ,
1068,533936,1069,5924,3882,0,8,12,tF[Óªüû,ÌªØ°ÌÄ³²Ø¸ÞÁ,
1069,533936,1070,5943,242,0,6,10,VØêñÚ,¼Ý·ÊÞÆÁ®³Ò,
1070,533936,1071,5943,5735,0,6,10,VØêñÚ,¼Ý·ÊÞÆÁ®³Ò,
1071,533936,1072,5946,5718,0,3,6,ªH´,¼µ¼ÞÊ¼,
1072,533936,1073,5946,374,0,3,6,ªH´,¼µ¼ÞÊ¼,
1073,533936,1074,5946,6113,0,3,6,ªH´,¼µ¼ÞÊ¼,
1074,533936,1075,5946,3612,0,3,6,ªH´,¼µ¼ÞÊ¼,
1075,533936,1076,5946,6240,0,3,6,ªH´,¼µ¼ÞÊ¼,
1076,533936,1077,5948,6394,0,6,11,xm©´åO,Ì¼ÞÐÊÞ¼ÓÝÏ´,
1077,533936,1078,5948,5721,0,6,11,xm©´åO,Ì¼ÞÐÊÞ¼ÓÝÏ´,
1078,533936,1079,5948,6115,0,6,11,xm©´åO,Ì¼ÞÐÊÞ¼ÓÝÏ´,
1079,533936,1080,5951,5565,0,9,14,L¾ejXÌXwO,±Ø±¹ÃÆ½ÉÓØ´·Ï´,
1080,533936,1081,5951,268,0,9,14,L¾ejXÌXwO,±Ø±¹ÃÆ½ÉÓØ´·Ï´,
1081,533936,1082,5951,5725,0,9,14,L¾ejXÌXwO,±Ø±¹ÃÆ½ÉÓØ´·Ï´,
1082,533936,1083,5951,6119,0,9,14,L¾ejXÌXwO,±Ø±¹ÃÆ½ÉÓØ´·Ï´,
1083,533936,1084,5953,381,0,5,12,L¾¿à,±Ø±¹Ø®³·Ý¼Þ®,
1084,533936,1085,6005,5316,0,6,15,|ÅV´üû,À¹¼ÊÞ»ÝÊÞ¼²Ø¸ÞÁ,
1085,533936,1086,6007,6347,0,5,9,Ç«wO,¶ÁÄÞ·´·Ï´,
1086,533936,1087,6007,5793,0,5,9,Ç«wO,¶ÁÄÞ·´·Ï´,
1087,533936,1088,6011,5797,0,5,9,°COÚ,ÊÙÐ»ÝÁ®³Ò,
1088,533936,1089,6011,5796,0,5,9,°COÚ,ÊÙÐ»ÝÁ®³Ò,
1089,533936,1090,6015,5806,0,5,9,V»ñÚ,¼Ý½ÅÆÁ®³Ò,
1090,533936,1091,6015,5180,0,5,9,V»ñÚ,¼Ý½ÅÆÁ®³Ò,
1091,533936,1092,6024,6515,0,3,7,¬¯k,¼µÄÞÒ·À,
1092,533936,1093,6030,5821,0,3,7,¬æ´,¼µ»·ÊÞ¼,
1093,533936,1094,6030,3984,0,3,7,¬æ´,¼µ»·ÊÞ¼,
1094,533936,1095,6047,6566,0,3,7,¼V´,Æ¼¼ÝÊÞ¼,
1095,533936,1096,6047,2766,0,3,7,¼V´,Æ¼¼ÝÊÞ¼,
1096,533936,1097,6049,5597,0,3,7,sê´,²ÁÊÞÊÞ¼,
1097,533936,1098,6083,5667,0,6,9,V¤FAC,ÃÝÉ³½Þ±²Ù,
1098,533936,1099,6083,6686,0,6,9,V¤FAC,ÃÝÉ³½Þ±²Ù,
1099,533936,1100,6083,5670,0,6,9,V¤FAC,ÃÝÉ³½Þ±²Ù,
1100,533936,1101,6098,5919,0,6,14,`ì¬wZO,º³ÅÝ¼®³¶Þ¯º³Ï´,
1101,533936,1102,6098,3463,0,6,14,`ì¬wZO,º³ÅÝ¼®³¶Þ¯º³Ï´,
1102,533936,1103,6101,4206,0,8,12,tF[Óªüû,ÌªØ°ÌÄ³²Ø¸ÞÁ,
1103,533936,1104,6101,2466,0,8,12,tF[Óªüû,ÌªØ°ÌÄ³²Ø¸ÞÁ,
1104,533936,1105,6101,5695,0,8,12,tF[Óªüû,ÌªØ°ÌÄ³²Ø¸ÞÁ,
1105,533936,1106,6106,3832,0,7,10,L¾ejXÌX,±Ø±¹ÃÆ½ÉÓØ,
1106,533936,1107,6106,5934,0,7,10,L¾ejXÌX,±Ø±¹ÃÆ½ÉÓØ,
1107,533936,1108,6118,6117,0,5,8,ñsLF,¼­Äº³ÄÖ½,
1108,533936,1109,6127,5745,0,4,7,ÂÊåO,¾²¶ÓÝÏ´,
1109,533936,1110,6127,6253,0,4,7,ÂÊåO,¾²¶ÓÝÏ´,
1110,533936,1111,6127,6399,0,4,7,ÂÊåO,¾²¶ÓÝÏ´,
1111,533936,1112,6127,6593,0,4,7,ÂÊåO,¾²¶ÓÝÏ´,
1112,533936,1113,6128,266,0,5,10,_êÚ,¼ÉÉÒ²¯Á®³Ò,
1113,533936,1114,6128,6255,0,5,10,_êÚ,¼ÉÉÒ²¯Á®³Ò,
1114,533936,1115,6128,5967,0,5,10,_êÚ,¼ÉÉÒ²¯Á®³Ò,
1115,533936,1116,6130,6336,0,5,9,C¤úÔO,ÀÂÐÆ¯¾·Ï´,
1116,533936,1117,6130,3793,0,5,9,C¤úÔO,ÀÂÐÆ¯¾·Ï´,
1117,533936,1118,6135,540,0,4,10,çÎ´k,¾ÝºÞ¸ÊÞ¼·À,
1118,533936,1119,6135,549,0,4,10,çÎ´k,¾ÝºÞ¸ÊÞ¼·À,
1119,533936,1120,6135,6695,0,4,10,çÎ´k,¾ÝºÞ¸ÊÞ¼·À,
1120,533936,1121,6135,539,0,4,10,çÎ´k,¾ÝºÞ¸ÊÞ¼·À,
1121,533936,1122,6159,6011,0,5,11,êt¾´ö,Ú²Ò²ÊÞ¼º³´Ý,
1122,533936,1123,6159,598,0,5,11,êt¾´ö,Ú²Ò²ÊÞ¼º³´Ý,
1123,533936,1124,6163,6015,0,5,9,V»ñÚ,¼Ý½ÅÆÁ®³Ò,
1124,533936,1125,6171,6030,0,3,7,¬æ´,¼µ»·ÊÞ¼,
1125,533936,1126,6171,3984,0,3,7,¬æ´,¼µ»·ÊÞ¼,
1126,533936,1127,6172,5794,0,7,15,æñc¬O,Â·¼ÏÀÞ²ÆÖ³¼®³Ï´,
1127,533936,1128,6181,2788,0,7,15,¼V´ñÚì,Æ¼¼ÝÊÞ¼ÆÁ®³ÒÐÅÐ,
1128,533936,1129,6181,2785,0,7,15,¼V´ñÚì,Æ¼¼ÝÊÞ¼ÆÁ®³ÒÐÅÐ,
1129,533936,1130,6181,2784,0,7,15,¼V´ñÚì,Æ¼¼ÝÊÞ¼ÆÁ®³ÒÐÅÐ,
1130,533936,1131,6181,2780,0,7,15,¼V´ñÚì,Æ¼¼ÝÊÞ¼ÆÁ®³ÒÐÅÐ,
1131,533936,1132,6189,5595,0,4,9,N´¼,ÏÝÈÝÊÞ¼Æ¼,
1132,533936,1133,6221,5681,0,5,12,üÇO,Ä³·®³Æ­³¶ÝÏ´,
1133,533936,1134,6221,6386,0,5,12,üÇO,Ä³·®³Æ­³¶ÝÏ´,
1134,533936,1135,6228,6499,0,6,14,`ì¬wZO,º³ÅÝ¼®³¶Þ¯º³Ï´,
1135,533936,1136,6228,4228,0,6,14,`ì¬wZO,º³ÅÝ¼®³¶Þ¯º³Ï´,
1136,533936,1137,6283,6354,0,5,10,ÂÊåO,·­³¾²¶ÓÝÏ´,
1137,533936,1138,6286,2109,0,5,10,znZÚ,Â·¼ÞÛ¸Á®³Ò,
1138,533936,1139,6286,5824,0,5,10,znZÚ,Â·¼ÞÛ¸Á®³Ò,
1139,533936,1140,6286,143,0,5,10,znZÚ,Â·¼ÞÛ¸Á®³Ò,
1140,533936,1141,6286,6562,0,5,10,znZÚ,Â·¼ÞÛ¸Á®³Ò,
1141,533936,1142,6299,6429,0,3,6,O´´,ÐÊ×ÊÞ¼,
1142,533936,1143,6299,3568,0,3,6,O´´,ÐÊ×ÊÞ¼,
1143,533936,1144,6302,5875,0,6,14,åäì¿à,µµ²ÐÅÐØ®³·Ý¼Þ®,
1144,533936,1145,6322,6589,0,8,17,ÕCsS¿à,ØÝ¶²Ì¸Ä¼ÝØ®³·Ý¼Þ®,
1145,533936,1146,6353,2535,0,5,10,ÂÊåO,·­³¾²¶ÓÝÏ´,
1146,533936,1147,6354,5850,0,5,11,sêO,Á­³µ³²ÁÊÞÏ´,
1147,533936,1148,6355,5823,0,5,10,Ç«´¼,¶ÁÄÞ·ÊÞ¼Æ¼,
1148,533936,1149,6359,455,0,6,11,¼¼ZÚ,Æ¼¶»²Û¸Á®³Ò,
1149,533936,1150,6359,6422,0,6,11,¼¼ZÚ,Æ¼¶»²Û¸Á®³Ò,
1150,533936,1151,6359,6180,0,6,11,¼¼ZÚ,Æ¼¶»²Û¸Á®³Ò,
1151,533936,1152,6359,456,0,6,11,¼¼ZÚ,Æ¼¶»²Û¸Á®³Ò,
1152,533936,1153,6360,5300,0,5,11,V´lÚ,¼ÝÊÞ¼ÖÝÁ®³Ò,
1153,533936,1154,6360,6521,0,5,11,V´lÚ,¼ÝÊÞ¼ÖÝÁ®³Ò,
1154,533936,1155,6360,6640,0,5,11,V´lÚ,¼ÝÊÞ¼ÖÝÁ®³Ò,
1155,533936,1156,6360,6423,0,5,11,V´lÚ,¼ÝÊÞ¼ÖÝÁ®³Ò,
1156,533936,1157,6369,6430,0,6,13,zn{èO,Â·¼ÞÎÝ¶ÞÝ¼ÞÏ´,
1157,533936,1158,6369,432,0,6,13,zn{èO,Â·¼ÞÎÝ¶ÞÝ¼ÞÏ´,
1158,533936,1159,6369,6673,0,6,13,zn{èO,Â·¼ÞÎÝ¶ÞÝ¼ÞÏ´,
1159,533936,1160,6371,6194,0,6,11,ñsåäì,¼­Äº³µµ²ÐÅÐ,
1160,533936,1161,6399,6456,0,4,7,ÂÊåO,¾²¶ÓÝÏ´,
1161,533936,1162,6399,6506,0,4,7,ÂÊåO,¾²¶ÓÝÏ´,
1162,533936,1163,6399,6127,0,4,7,ÂÊåO,¾²¶ÓÝÏ´,
1163,533936,1164,6399,6593,0,4,7,ÂÊåO,¾²¶ÓÝÏ´,
1164,533936,1165,6400,538,0,3,5,²Ì,ÕÒÉ¼Ï,
1165,533936,1166,6400,6629,0,3,5,²Ì,ÕÒÉ¼Ï,
1166,533936,1167,6403,6340,0,5,10,KXO,Ä³·®³¶Þ½Ï´,
1167,533936,1168,6408,1638,0,5,10,Ç«¤´,¶ÁÄÞ·Ø¯·®³,
1168,533936,1169,6408,6513,0,5,10,Ç«¤´,¶ÁÄÞ·Ø¯·®³,
1169,533936,1170,6408,2514,0,5,10,Ç«¤´,¶ÁÄÞ·Ø¯·®³,
1170,533936,1171,6408,6463,0,5,10,Ç«¤´,¶ÁÄÞ·Ø¯·®³,
1171,533936,1172,6423,2733,0,5,11,V´lÚ,¼ÝÊÞ¼ÖÝÁ®³Ò,
1172,533936,1173,6423,6360,0,5,11,V´lÚ,¼ÝÊÞ¼ÖÝÁ®³Ò,
1173,533936,1174,6423,6640,0,5,11,V´lÚ,¼ÝÊÞ¼ÖÝÁ®³Ò,
1174,533936,1175,6423,2787,0,5,11,V´lÚ,¼ÝÊÞ¼ÖÝÁ®³Ò,
1175,533936,1176,6428,1898,0,8,16,V´wúäJûO,¼ÝÊÞ¼´·ËËÞÔ¸ÞÁÏ´,
1176,533936,1177,6428,6740,0,8,16,V´wúäJûO,¼ÝÊÞ¼´·ËËÞÔ¸ÞÁÏ´,
1177,533936,1178,6428,6297,0,8,16,V´wúäJûO,¼ÝÊÞ¼´·ËËÞÔ¸ÞÁÏ´,
1178,533936,1179,6429,6367,0,3,6,O´´,ÐÊ×ÊÞ¼,
1179,533936,1180,6429,3571,0,3,6,O´´,ÐÊ×ÊÞ¼,
1180,533936,1181,6443,410,0,5,8,ñsåä,¼­Äº³µµ²,
1181,533936,1182,6452,5944,0,8,13,w|[gO,Ä³·®³ÍØÎß°ÄÏ´,
1182,533936,1183,6481,6607,0,5,10,znOÚ,Â·¼Þ»ÝÁ®³Ò,
1183,533936,1184,6483,6371,0,4,13,åäo`,µµ²Êß°·Ý¸Þ´Ø±,
1184,533936,1185,6490,6077,0,5,11,åäibs,µµ²¼Þ¬Ý¸¼®Ý,
1185,533936,1186,6499,6098,0,6,14,`ì¬wZO,º³ÅÝ¼®³¶Þ¯º³Ï´,
1186,533936,1187,6499,6448,0,6,14,`ì¬wZO,º³ÅÝ¼®³¶Þ¯º³Ï´,
1187,533936,1188,6502,6627,0,8,13,w|[gO,Ä³·®³ÍØÎß°ÄÏ´,
1188,533936,1189,6515,5818,0,2,5,¬¯,¼µÄÞÒ,
1189,533936,1190,6524,6428,0,5,10,V´ñÚ,¼ÝÊÞ¼ÆÁ®³Ò,
1190,533936,1191,6553,5290,0,3,5,²Ì,ÕÒÉ¼Ï,
1191,533936,1192,6558,5816,0,3,7,¬¯k,¼µÄÞÒ·À,
1192,533936,1193,6558,6280,0,3,7,¬¯k,¼µÄÞÒ·À,
1193,533936,1194,6560,4786,0,3,8,¬¯ì,¼µÄÞÒÐÅÐ,
1194,533936,1195,6560,6468,0,3,8,¬¯ì,¼µÄÞÒÐÅÐ,
1195,533936,1196,6560,4799,0,3,8,¬¯ì,¼µÄÞÒÐÅÐ,
1196,533936,1197,6566,5307,0,3,7,¼V´,Æ¼¼ÝÊÞ¼,
1197,533936,1198,6566,6365,0,3,7,¼V´,Æ¼¼ÝÊÞ¼,
1198,533936,1199,6568,6300,0,6,12,znOÚk,Â·¼Þ»ÝÁ®³Ò·À,
1199,533936,1200,6573,6781,0,4,13,åäo`,µµ²Êß°·Ý¸Þ´Ø±,
1200,533936,1201,6587,6545,0,5,11,¨äê,µÀÞ²ÊÞÁ­³µ³,
1201,533936,1202,6587,6715,0,5,11,¨äê,µÀÞ²ÊÞÁ­³µ³,
1202,533936,1203,6592,6398,0,5,11,LF¿à,ÄÖ½Ø®³·Ý¼Þ®,
1203,533936,1204,6599,6560,0,3,8,¬¯ì,¼µÄÞÒÐÅÐ,
1204,533936,1205,6599,4952,0,3,8,¬¯ì,¼µÄÞÒÐÅÐ,
1205,533936,1206,6605,6364,0,5,11,V´êÚ,¼ÝÊÞ¼²¯Á®³Ò,
1206,533936,1207,6624,6587,0,5,11,¨äê,µÀÞ²ÊÞÁ­³µ³,
1207,533936,1208,6624,4809,0,5,11,¨äê,µÀÞ²ÊÞÁ­³µ³,
1208,533936,1209,6624,6690,0,5,11,¨äê,µÀÞ²ÊÞÁ­³µ³,
1209,533936,1210,6630,2856,0,5,10,KXO,Ä³·®³¶Þ½Ï´,
1210,533936,1211,6633,6696,0,14,28,V´êÚiúäJ_ÐOj,Ë¶Þ¼¼ÝÊÞ¼²¯Á®³Ò ËËÞÔ¼ÞÝ¼Þ¬Ï´,
1211,533936,1212,6633,6279,0,14,28,V´êÚiúäJ_ÐOj,Ë¶Þ¼¼ÝÊÞ¼²¯Á®³Ò ËËÞÔ¼ÞÝ¼Þ¬Ï´,
1212,533936,1213,6638,6520,0,10,18,]Ëìæ¼¼VÚ,´ÄÞ¶ÞÜ¸Æ¼¶»²ÅÅÁ®³Ò,
1213,533936,1214,6650,6617,0,8,16,ñsÂåäì,¼­Äº³Á­³¶Ýµµ²ÐÅÐ,
1214,533936,1215,6665,2293,0,14,28,V´êÚiúäJ_ÐOj,Ë¶Þ¼¼ÝÊÞ¼²¯Á®³Ò ËËÞÔ¼ÞÝ¼Þ¬Ï´,
1215,533936,1216,6665,2294,0,14,28,V´êÚiúäJ_ÐOj,Ë¶Þ¼¼ÝÊÞ¼²¯Á®³Ò ËËÞÔ¼ÞÝ¼Þ¬Ï´,
1216,533936,1217,6666,6414,0,2,5,¬¯,¼µÄÞÒ,
1217,533936,1218,6667,3527,0,3,6,©´,ÊÂÐÊÞ¼,
1218,533936,1219,6667,5829,0,3,6,©´,ÊÂÐÊÞ¼,
1219,533936,1220,6672,6296,0,7,17,V´wâÀûO,¼ÝÊÞ¼´··ÞÝ»Þ¸ÞÁÏ´,
1220,533936,1221,6694,5780,0,5,11,°C¿à,ÊÙÐØ®³·Ý¼Þ®,
1221,533936,1222,6696,2873,0,14,28,V´êÚiúäJ_ÐOj,Ë¶Þ¼¼ÝÊÞ¼²¯Á®³Ò ËËÞÔ¼ÞÝ¼Þ¬Ï´,
1222,533936,1223,6696,6665,0,14,28,V´êÚiúäJ_ÐOj,Ë¶Þ¼¼ÝÊÞ¼²¯Á®³Ò ËËÞÔ¼ÞÝ¼Þ¬Ï´,
1223,533936,1224,6697,6666,0,2,5,¬¯,¼µÄÞÒ,
1224,533936,1225,6702,6675,0,8,19,Âåäì¿à,Á­³¶Ýµµ²ÐÅÐØ®³·Ý¼Þ®,
1225,533936,1226,6721,6667,0,3,6,©´,ÊÂÐÊÞ¼,
1226,533936,1227,6721,4901,0,3,6,©´,ÊÂÐÊÞ¼,
1227,533936,1228,6726,6728,0,6,11,ñsåäì,¼­Äº³µµ²ÐÅÐ,
1228,533936,1229,6728,6442,0,5,11,åäibs,µµ²¼Þ¬Ý¸¼®Ý,
1229,533936,1230,6754,6199,0,5,11,åäibs,µµ²¼Þ¬Ý¸¼®Ý,
1230,533936,1231,6766,6757,0,5,11,åä¿à,µµ²Ø®³·Ý¼Þ®,
1231,533936,1232,6802,6808,0,5,10,ñsâÀ,¼­Äº³·ÞÝ»Þ,
