,meshcode,attrnmno,name1,reading1,name2,reading2,geometry
0,513244,1,¹Qü,º¸ÄÞ³ÆºÞ³¾Ý,,,
1,513244,2,Ccå´,¶²ÀµµÊ¼,,,
2,513244,3,L¬Pü,ËÛ¼Ïº³¿¸²ÁºÞ³¾Ý,,,
3,513244,4,L¬Pü,ËÛ¼Ïº³¿¸²ÁºÞ³¾Ý,,,
4,513244,5,L¬Pü,ËÛ¼Ïº³¿¸²ÁºÞ³¾Ý,,,
5,513244,6,L¬Pü,ËÛ¼Ïº³¿¸²ÁºÞ³¾Ý,,,
6,513244,7,L¬Pü,ËÛ¼Ïº³¿¸²ÁºÞ³¾Ý,,,
7,513244,8,L¬Pü,ËÛ¼Ïº³¿¸²ÁºÞ³¾Ý,,,
8,513244,9,L¬Pü,ËÛ¼Ïº³¿¸²ÁºÞ³¾Ý,,,
9,513244,10,L¬Pü,ËÛ¼Ïº³¿¸²ÁºÞ³¾Ý,,,
10,513244,11,L¬Pü,ËÛ¼Ïº³¿¸²ÁºÞ³¾Ý,,,
11,513244,12,L¬Pü,ËÛ¼Ïº³¿¸²ÁºÞ³¾Ý,,,
12,513244,13,L¬Pü,ËÛ¼Ïº³¿¸²ÁºÞ³¾Ý,,,
13,513244,14,L¬Pü,ËÛ¼Ïº³¿¸²ÁºÞ³¾Ý,,,
14,513244,15,L¬Pü,ËÛ¼Ïº³¿¸²ÁºÞ³¾Ý,,,
15,513244,16,L¬Pü,ËÛ¼Ïº³¿¸²ÁºÞ³¾Ý,,,
16,513244,17,L¬Pü,ËÛ¼Ïº³¿¸²ÁºÞ³¾Ý,,,
17,513244,18,L¬Pü,ËÛ¼Ïº³¿¸²ÁºÞ³¾Ý,,,
18,513244,19,L¬Pü,ËÛ¼Ïº³¿¸²ÁºÞ³¾Ý,,,
19,513244,20,L¬Pü,ËÛ¼Ïº³¿¸²ÁºÞ³¾Ý,,,
20,513244,21,Là¹H,ËÛ¼Ï¸ÚÄÞ³Û,,,
21,513244,22,Là¹H,ËÛ¼Ï¸ÚÄÞ³Û,,,
22,513244,23,Là¹H,ËÛ¼Ï¸ÚÄÞ³Û,,,
23,513244,24,Là¹H,ËÛ¼Ï¸ÚÄÞ³Û,,,
24,513244,25,¹Qü,º¸ÄÞ³ÆºÞ³¾Ý,,,
25,513244,26,¹Qü,º¸ÄÞ³ÆºÞ³¾Ý,,,
26,513244,27,¹Qü,º¸ÄÞ³ÆºÞ³¾Ý,,,
27,513244,28,Là¹H,ËÛ¼Ï¸ÚÄÞ³Û,,,
28,513244,29,Là¹H,ËÛ¼Ï¸ÚÄÞ³Û,,,
29,513244,30,Là¹H,ËÛ¼Ï¸ÚÄÞ³Û,,,
30,513244,31,Là¹H,ËÛ¼Ï¸ÚÄÞ³Û,,,
31,513244,32,Là¹H,ËÛ¼Ï¸ÚÄÞ³Û,,,
32,513244,33,Là¹H,ËÛ¼Ï¸ÚÄÞ³Û,,,
33,513244,34,¹Qü,º¸ÄÞ³ÆºÞ³¾Ý,,,
34,513244,35,¹Qü,º¸ÄÞ³ÆºÞ³¾Ý,,,
35,513244,36,¹Qü,º¸ÄÞ³ÆºÞ³¾Ý,,,
36,513244,37,¹Qü,º¸ÄÞ³ÆºÞ³¾Ý,,,
37,513244,38,¹RPü,º¸ÄÞ³»Ý¼Þ­³²ÁºÞ³¾Ý,,,
38,513244,39,¹RPü,º¸ÄÞ³»Ý¼Þ­³²ÁºÞ³¾Ý,,,
39,513244,40,¹RPü,º¸ÄÞ³»Ý¼Þ­³²ÁºÞ³¾Ý,,,
40,513244,41,¹Qü,º¸ÄÞ³ÆºÞ³¾Ý,,,
41,513244,42,¹Qü,º¸ÄÞ³ÆºÞ³¾Ý,,,
42,513244,43,Là¹H,ËÛ¼Ï¸ÚÄÞ³Û,,,
43,513244,44,Là¹H,ËÛ¼Ï¸ÚÄÞ³Û,,,
44,513244,45,Là¹H,ËÛ¼Ï¸ÚÄÞ³Û,,,
45,513244,46,¹Qü,º¸ÄÞ³ÆºÞ³¾Ý,,,
46,513244,47,¹RPü,º¸ÄÞ³»Ý¼Þ­³²ÁºÞ³¾Ý,,,
47,513244,48,¹RPü,º¸ÄÞ³»Ý¼Þ­³²ÁºÞ³¾Ý,,,
48,513244,49,¹RPü,º¸ÄÞ³»Ý¼Þ­³²ÁºÞ³¾Ý,,,
49,513244,50,¹Qü,º¸ÄÞ³ÆºÞ³¾Ý,,,
50,513244,51,¹Qü,º¸ÄÞ³ÆºÞ³¾Ý,,,
51,513244,52,¹RPü,º¸ÄÞ³»Ý¼Þ­³²ÁºÞ³¾Ý,,,
52,513244,53,¹RPü,º¸ÄÞ³»Ý¼Þ­³²ÁºÞ³¾Ý,,,
53,513244,54,¹RPü,º¸ÄÞ³»Ý¼Þ­³²ÁºÞ³¾Ý,,,
54,513244,55,¹RPü,º¸ÄÞ³»Ý¼Þ­³²ÁºÞ³¾Ý,,,
55,513244,56,¹RPü,º¸ÄÞ³»Ý¼Þ­³²ÁºÞ³¾Ý,,,
56,513244,57,¹RPü,º¸ÄÞ³»Ý¼Þ­³²ÁºÞ³¾Ý,,,
57,513244,58,¹RPü,º¸ÄÞ³»Ý¼Þ­³²ÁºÞ³¾Ý,,,
58,513244,59,¹RPü,º¸ÄÞ³»Ý¼Þ­³²ÁºÞ³¾Ý,,,
59,513244,60,¹Qü,º¸ÄÞ³ÆºÞ³¾Ý,,,
60,513244,61,¹RPü,º¸ÄÞ³»Ý¼Þ­³²ÁºÞ³¾Ý,,,
61,513244,62,¹RPü,º¸ÄÞ³»Ý¼Þ­³²ÁºÞ³¾Ý,,,
62,513244,63,¹Qü,º¸ÄÞ³ÆºÞ³¾Ý,,,
63,513244,64,¹Qü,º¸ÄÞ³ÆºÞ³¾Ý,,,
64,513244,65,¹RPü,º¸ÄÞ³»Ý¼Þ­³²ÁºÞ³¾Ý,,,
65,513244,66,¹RPü,º¸ÄÞ³»Ý¼Þ­³²ÁºÞ³¾Ý,,,
66,513244,67,¹RPü,º¸ÄÞ³»Ý¼Þ­³²ÁºÞ³¾Ý,,,
67,513244,68,¹RPü,º¸ÄÞ³»Ý¼Þ­³²ÁºÞ³¾Ý,,,
68,513244,69,¹Qü,º¸ÄÞ³ÆºÞ³¾Ý,,,
69,513244,70,¹Qü,º¸ÄÞ³ÆºÞ³¾Ý,,,
70,513244,71,Là¹H,ËÛ¼Ï¸ÚÄÞ³Û,,,
71,513244,72,¹RPü,º¸ÄÞ³»Ý¼Þ­³²ÁºÞ³¾Ý,,,
72,513244,73,Là¹H,ËÛ¼Ï¸ÚÄÞ³Û,,,
73,513244,74,¹RPü,º¸ÄÞ³»Ý¼Þ­³²ÁºÞ³¾Ý,,,
74,513244,75,¹RPü,º¸ÄÞ³»Ý¼Þ­³²ÁºÞ³¾Ý,,,
75,513244,76,¹Qü,º¸ÄÞ³ÆºÞ³¾Ý,,,
76,513244,77,¹Qü,º¸ÄÞ³ÆºÞ³¾Ý,,,
77,513244,78,¹RPü,º¸ÄÞ³»Ý¼Þ­³²ÁºÞ³¾Ý,,,
78,513244,79,¹RPü,º¸ÄÞ³»Ý¼Þ­³²ÁºÞ³¾Ý,,,
79,513244,80,¹RPü,º¸ÄÞ³»Ý¼Þ­³²ÁºÞ³¾Ý,,,
80,513244,81,¹Qü,º¸ÄÞ³ÆºÞ³¾Ý,,,
81,513244,82,¹Qü,º¸ÄÞ³ÆºÞ³¾Ý,,,
82,513244,83,¹Qü,º¸ÄÞ³ÆºÞ³¾Ý,,,
83,513244,84,¹Qü,º¸ÄÞ³ÆºÞ³¾Ý,,,
84,513244,85,¹RPü,º¸ÄÞ³»Ý¼Þ­³²ÁºÞ³¾Ý,,,
85,513244,86,¹RPü,º¸ÄÞ³»Ý¼Þ­³²ÁºÞ³¾Ý,,,
86,513244,87,¹Qü,º¸ÄÞ³ÆºÞ³¾Ý,,,
87,513244,88,¹Qü,º¸ÄÞ³ÆºÞ³¾Ý,,,
88,513244,89,¹RPü,º¸ÄÞ³»Ý¼Þ­³²ÁºÞ³¾Ý,,,
89,513244,90,¹RPü,º¸ÄÞ³»Ý¼Þ­³²ÁºÞ³¾Ý,,,
90,513244,91,¹RPü,º¸ÄÞ³»Ý¼Þ­³²ÁºÞ³¾Ý,,,
91,513244,92,¹RPü,º¸ÄÞ³»Ý¼Þ­³²ÁºÞ³¾Ý,,,
92,513244,93,¹RPü,º¸ÄÞ³»Ý¼Þ­³²ÁºÞ³¾Ý,,,
93,513244,94,¹RPü,º¸ÄÞ³»Ý¼Þ­³²ÁºÞ³¾Ý,,,
94,513244,95,¹Qü,º¸ÄÞ³ÆºÞ³¾Ý,,,
95,513244,96,¹Qü,º¸ÄÞ³ÆºÞ³¾Ý,,,
96,513244,97,¹Qü,º¸ÄÞ³ÆºÞ³¾Ý,,,
97,513244,98,¹RPü,º¸ÄÞ³»Ý¼Þ­³²ÁºÞ³¾Ý,,,
98,513244,99,¹RPü,º¸ÄÞ³»Ý¼Þ­³²ÁºÞ³¾Ý,,,
99,513244,100,¹RPü,º¸ÄÞ³»Ý¼Þ­³²ÁºÞ³¾Ý,,,
100,513244,101,¹Qü,º¸ÄÞ³ÆºÞ³¾Ý,,,
101,513244,102,¹Qü,º¸ÄÞ³ÆºÞ³¾Ý,,,
102,513244,103,¹Qü,º¸ÄÞ³ÆºÞ³¾Ý,,,
103,513244,104,¹Qü,º¸ÄÞ³ÆºÞ³¾Ý,,,
104,513244,105,¹Qü,º¸ÄÞ³ÆºÞ³¾Ý,,,
105,513244,106,¹Qü,º¸ÄÞ³ÆºÞ³¾Ý,,,
106,513244,107,¹Qü,º¸ÄÞ³ÆºÞ³¾Ý,,,
107,513244,108,¹RPü,º¸ÄÞ³»Ý¼Þ­³²ÁºÞ³¾Ý,,,
108,513244,109,¹Qü,º¸ÄÞ³ÆºÞ³¾Ý,,,
109,513244,110,¹Qü,º¸ÄÞ³ÆºÞ³¾Ý,,,
110,513244,111,¹Qü,º¸ÄÞ³ÆºÞ³¾Ý,,,
111,513244,112,¹Qü,º¸ÄÞ³ÆºÞ³¾Ý,,,
112,513244,113,¹Qü,º¸ÄÞ³ÆºÞ³¾Ý,,,
113,513244,114,¹Qü,º¸ÄÞ³ÆºÞ³¾Ý,,,
114,513244,115,¹Qü,º¸ÄÞ³ÆºÞ³¾Ý,,,
115,513244,116,¹Qü,º¸ÄÞ³ÆºÞ³¾Ý,,,
116,513244,117,¹Qü,º¸ÄÞ³ÆºÞ³¾Ý,,,
117,513244,118,¹RPü,º¸ÄÞ³»Ý¼Þ­³²ÁºÞ³¾Ý,,,
118,513244,119,¹Qü,º¸ÄÞ³ÆºÞ³¾Ý,,,
119,513244,120,¹Qü,º¸ÄÞ³ÆºÞ³¾Ý,,,
120,513244,121,¹Qü,º¸ÄÞ³ÆºÞ³¾Ý,,,
121,513244,122,¹Qü,º¸ÄÞ³ÆºÞ³¾Ý,,,
122,513244,123,¹Qü,º¸ÄÞ³ÆºÞ³¾Ý,,,
123,513244,124,¹Qü,º¸ÄÞ³ÆºÞ³¾Ý,,,
124,513244,125,¹Qü,º¸ÄÞ³ÆºÞ³¾Ý,,,
125,513244,126,¹Qü,º¸ÄÞ³ÆºÞ³¾Ý,,,
126,513244,127,¹Qü,º¸ÄÞ³ÆºÞ³¾Ý,,,
127,513244,128,¹Qü,º¸ÄÞ³ÆºÞ³¾Ý,,,
128,513244,129,¹Qü,º¸ÄÞ³ÆºÞ³¾Ý,,,
129,513244,130,¹Qü,º¸ÄÞ³ÆºÞ³¾Ý,,,
130,513244,131,¹Qü,º¸ÄÞ³ÆºÞ³¾Ý,,,
131,513244,132,¹Qü,º¸ÄÞ³ÆºÞ³¾Ý,,,
132,513244,133,¹RPü,º¸ÄÞ³»Ý¼Þ­³²ÁºÞ³¾Ý,,,
133,513244,134,¹Qü,º¸ÄÞ³ÆºÞ³¾Ý,,,
134,513244,135,¹Qü,º¸ÄÞ³ÆºÞ³¾Ý,,,
135,513244,136,¹Qü,º¸ÄÞ³ÆºÞ³¾Ý,,,
136,513244,137,¹Qü,º¸ÄÞ³ÆºÞ³¾Ý,,,
137,513244,138,¹Qü,º¸ÄÞ³ÆºÞ³¾Ý,,,
138,513244,139,¹Qü,º¸ÄÞ³ÆºÞ³¾Ý,,,
139,513244,140,¹RPü,º¸ÄÞ³»Ý¼Þ­³²ÁºÞ³¾Ý,,,
140,513244,141,¹Qü,º¸ÄÞ³ÆºÞ³¾Ý,,,
141,513244,142,¹Qü,º¸ÄÞ³ÆºÞ³¾Ý,,,
142,513244,143,¹Qü,º¸ÄÞ³ÆºÞ³¾Ý,,,
143,513244,144,¹Qü,º¸ÄÞ³ÆºÞ³¾Ý,,,
144,513244,145,¹Qü,º¸ÄÞ³ÆºÞ³¾Ý,,,
145,513244,146,¹Qü,º¸ÄÞ³ÆºÞ³¾Ý,,,
146,513244,147,¹Qü,º¸ÄÞ³ÆºÞ³¾Ý,,,
147,513244,148,¹Qü,º¸ÄÞ³ÆºÞ³¾Ý,,,
148,513244,149,¹Qü,º¸ÄÞ³ÆºÞ³¾Ý,,,
149,513244,150,¹Qü,º¸ÄÞ³ÆºÞ³¾Ý,,,
150,513244,151,¹Qü,º¸ÄÞ³ÆºÞ³¾Ý,,,
151,513244,152,¹Qü,º¸ÄÞ³ÆºÞ³¾Ý,,,
152,513244,153,¹Qü,º¸ÄÞ³ÆºÞ³¾Ý,,,
153,513244,154,¹Qü,º¸ÄÞ³ÆºÞ³¾Ý,,,
154,513244,155,¹Qü,º¸ÄÞ³ÆºÞ³¾Ý,,,
155,513244,156,¹Qü,º¸ÄÞ³ÆºÞ³¾Ý,,,
156,513244,157,¹Qü,º¸ÄÞ³ÆºÞ³¾Ý,,,
157,513244,158,¹Qü,º¸ÄÞ³ÆºÞ³¾Ý,,,
158,513244,159,¹RPü,º¸ÄÞ³»Ý¼Þ­³²ÁºÞ³¾Ý,,,
159,513244,160,¹Qü,º¸ÄÞ³ÆºÞ³¾Ý,,,
160,513244,161,¹Qü,º¸ÄÞ³ÆºÞ³¾Ý,,,
161,513244,162,¹Qü,º¸ÄÞ³ÆºÞ³¾Ý,,,
162,513244,163,¹Qü,º¸ÄÞ³ÆºÞ³¾Ý,,,
163,513244,164,¹Qü,º¸ÄÞ³ÆºÞ³¾Ý,,,
164,513244,165,¹RPü,º¸ÄÞ³»Ý¼Þ­³²ÁºÞ³¾Ý,,,
165,513244,166,§¹WSü,¹ÝÄÞ³ÊÁ¼Þ­³ÖÝºÞ³¾Ý,,,
166,513244,167,§¹WSü,¹ÝÄÞ³ÊÁ¼Þ­³ÖÝºÞ³¾Ý,,,
167,513244,168,§¹WTü,¹ÝÄÞ³ÊÁ¼Þ­³ºÞºÞ³¾Ý,,,
168,513244,169,§¹WTü,¹ÝÄÞ³ÊÁ¼Þ­³ºÞºÞ³¾Ý,,,
169,513244,170,§¹RSü,¹ÝÄÞ³»Ý¼Þ­³ÖÝºÞ³¾Ý,,,
170,513244,171,§¹WUü,¹ÝÄÞ³ÊÁ¼Þ­³Û¸ºÞ³¾Ý,,,
171,513244,172,§¹WSü,¹ÝÄÞ³ÊÁ¼Þ­³ÖÝºÞ³¾Ý,,,
172,513244,173,§¹WSü,¹ÝÄÞ³ÊÁ¼Þ­³ÖÝºÞ³¾Ý,,,
173,513244,174,§¹WTü,¹ÝÄÞ³ÊÁ¼Þ­³ºÞºÞ³¾Ý,,,
174,513244,175,§¹WTü,¹ÝÄÞ³ÊÁ¼Þ­³ºÞºÞ³¾Ý,,,
175,513244,176,§¹WTü,¹ÝÄÞ³ÊÁ¼Þ­³ºÞºÞ³¾Ý,,,
176,513244,177,§¹WTü,¹ÝÄÞ³ÊÁ¼Þ­³ºÞºÞ³¾Ý,,,
177,513244,178,§¹WTü,¹ÝÄÞ³ÊÁ¼Þ­³ºÞºÞ³¾Ý,,,
178,513244,179,§¹WTü,¹ÝÄÞ³ÊÁ¼Þ­³ºÞºÞ³¾Ý,,,
179,513244,180,§¹WSü,¹ÝÄÞ³ÊÁ¼Þ­³ÖÝºÞ³¾Ý,,,
180,513244,181,§¹WTü,¹ÝÄÞ³ÊÁ¼Þ­³ºÞºÞ³¾Ý,,,
181,513244,182,§¹WTü,¹ÝÄÞ³ÊÁ¼Þ­³ºÞºÞ³¾Ý,,,
182,513244,183,§¹WTü,¹ÝÄÞ³ÊÁ¼Þ­³ºÞºÞ³¾Ý,,,
183,513244,184,§¹WSü,¹ÝÄÞ³ÊÁ¼Þ­³ÖÝºÞ³¾Ý,,,
184,513244,185,§¹WSü,¹ÝÄÞ³ÊÁ¼Þ­³ÖÝºÞ³¾Ý,,,
185,513244,186,§¹WSü,¹ÝÄÞ³ÊÁ¼Þ­³ÖÝºÞ³¾Ý,,,
186,513244,187,§¹WSü,¹ÝÄÞ³ÊÁ¼Þ­³ÖÝºÞ³¾Ý,,,
187,513244,188,§¹WSü,¹ÝÄÞ³ÊÁ¼Þ­³ÖÝºÞ³¾Ý,,,
188,513244,189,§¹WSü,¹ÝÄÞ³ÊÁ¼Þ­³ÖÝºÞ³¾Ý,,,
189,513244,190,§¹WSü,¹ÝÄÞ³ÊÁ¼Þ­³ÖÝºÞ³¾Ý,,,
190,513244,191,§¹WTü,¹ÝÄÞ³ÊÁ¼Þ­³ºÞºÞ³¾Ý,,,
191,513244,192,§¹WTü,¹ÝÄÞ³ÊÁ¼Þ­³ºÞºÞ³¾Ý,,,
192,513244,193,§¹WTü,¹ÝÄÞ³ÊÁ¼Þ­³ºÞºÞ³¾Ý,,,
193,513244,194,§¹WUü,¹ÝÄÞ³ÊÁ¼Þ­³Û¸ºÞ³¾Ý,,,
194,513244,195,§¹WUü,¹ÝÄÞ³ÊÁ¼Þ­³Û¸ºÞ³¾Ý,,,
195,513244,196,§¹RSü,¹ÝÄÞ³»Ý¼Þ­³ÖÝºÞ³¾Ý,îìÊè,ÔÉÄÞµØ,
196,513244,197,§¹WSü,¹ÝÄÞ³ÊÁ¼Þ­³ÖÝºÞ³¾Ý,,,
197,513244,198,§¹WSü,¹ÝÄÞ³ÊÁ¼Þ­³ÖÝºÞ³¾Ý,,,
198,513244,199,§¹WSü,¹ÝÄÞ³ÊÁ¼Þ­³ÖÝºÞ³¾Ý,,,
199,513244,200,§¹WSü,¹ÝÄÞ³ÊÁ¼Þ­³ÖÝºÞ³¾Ý,,,
200,513244,201,§¹WSü,¹ÝÄÞ³ÊÁ¼Þ­³ÖÝºÞ³¾Ý,,,
201,513244,202,§¹WSü,¹ÝÄÞ³ÊÁ¼Þ­³ÖÝºÞ³¾Ý,,,
202,513244,203,§¹WTü,¹ÝÄÞ³ÊÁ¼Þ­³ºÞºÞ³¾Ý,,,
203,513244,204,§¹WTü,¹ÝÄÞ³ÊÁ¼Þ­³ºÞºÞ³¾Ý,,,
204,513244,205,§¹WTü,¹ÝÄÞ³ÊÁ¼Þ­³ºÞºÞ³¾Ý,,,
205,513244,206,§¹WTü,¹ÝÄÞ³ÊÁ¼Þ­³ºÞºÞ³¾Ý,,,
206,513244,207,§¹WTü,¹ÝÄÞ³ÊÁ¼Þ­³ºÞºÞ³¾Ý,,,
207,513244,208,§¹WTü,¹ÝÄÞ³ÊÁ¼Þ­³ºÞºÞ³¾Ý,,,
208,513244,209,§¹WSü,¹ÝÄÞ³ÊÁ¼Þ­³ÖÝºÞ³¾Ý,,,
209,513244,210,§¹WSü,¹ÝÄÞ³ÊÁ¼Þ­³ÖÝºÞ³¾Ý,,,
210,513244,211,§¹WSü,¹ÝÄÞ³ÊÁ¼Þ­³ÖÝºÞ³¾Ý,,,
211,513244,212,§¹WSü,¹ÝÄÞ³ÊÁ¼Þ­³ÖÝºÞ³¾Ý,,,
212,513244,213,§¹WSü,¹ÝÄÞ³ÊÁ¼Þ­³ÖÝºÞ³¾Ý,,,
213,513244,214,§¹WSü,¹ÝÄÞ³ÊÁ¼Þ­³ÖÝºÞ³¾Ý,,,
214,513244,215,§¹RSü,¹ÝÄÞ³»Ý¼Þ­³ÖÝºÞ³¾Ý,îìÊè,ÔÉÄÞµØ,
215,513244,216,§¹RSü,¹ÝÄÞ³»Ý¼Þ­³ÖÝºÞ³¾Ý,,,
216,513244,217,§¹RSü,¹ÝÄÞ³»Ý¼Þ­³ÖÝºÞ³¾Ý,îìÊè,ÔÉÄÞµØ,
217,513244,218,§¹VOü,¹ÝÄÞ³ÅÅ¼Þ­³ºÞ³¾Ý,,,
218,513244,219,§¹RSü,¹ÝÄÞ³»Ý¼Þ­³ÖÝºÞ³¾Ý,îìÊè,ÔÉÄÞµØ,
219,513244,220,§¹RSü,¹ÝÄÞ³»Ý¼Þ­³ÖÝºÞ³¾Ý,,,
220,513244,221,§¹RSü,¹ÝÄÞ³»Ý¼Þ­³ÖÝºÞ³¾Ý,,,
221,513244,222,§¹RSü,¹ÝÄÞ³»Ý¼Þ­³ÖÝºÞ³¾Ý,îìÊè,ÔÉÄÞµØ,
222,513244,223,§¹WSü,¹ÝÄÞ³ÊÁ¼Þ­³ÖÝºÞ³¾Ý,,,
223,513244,224,§¹WUü,¹ÝÄÞ³ÊÁ¼Þ­³Û¸ºÞ³¾Ý,©àRÊè,º¶ÞÈÔÏÄÞµØ,
224,513244,225,§¹WSü,¹ÝÄÞ³ÊÁ¼Þ­³ÖÝºÞ³¾Ý,,,
225,513244,226,§¹WSü,¹ÝÄÞ³ÊÁ¼Þ­³ÖÝºÞ³¾Ý,,,
226,513244,227,§¹WSü,¹ÝÄÞ³ÊÁ¼Þ­³ÖÝºÞ³¾Ý,,,
227,513244,228,§¹WSü,¹ÝÄÞ³ÊÁ¼Þ­³ÖÝºÞ³¾Ý,,,
228,513244,229,§¹WSü,¹ÝÄÞ³ÊÁ¼Þ­³ÖÝºÞ³¾Ý,,,
229,513244,230,§¹WSü,¹ÝÄÞ³ÊÁ¼Þ­³ÖÝºÞ³¾Ý,,,
230,513244,231,§¹WSü,¹ÝÄÞ³ÊÁ¼Þ­³ÖÝºÞ³¾Ý,,,
231,513244,232,§¹WUü,¹ÝÄÞ³ÊÁ¼Þ­³Û¸ºÞ³¾Ý,©àRÊè,º¶ÞÈÔÏÄÞµØ,
232,513244,233,§¹WSü,¹ÝÄÞ³ÊÁ¼Þ­³ÖÝºÞ³¾Ý,,,
233,513244,234,§¹WSü,¹ÝÄÞ³ÊÁ¼Þ­³ÖÝºÞ³¾Ý,,,
234,513244,235,§¹WSü,¹ÝÄÞ³ÊÁ¼Þ­³ÖÝºÞ³¾Ý,,,
235,513244,236,§¹WSü,¹ÝÄÞ³ÊÁ¼Þ­³ÖÝºÞ³¾Ý,,,
236,513244,237,§¹WSü,¹ÝÄÞ³ÊÁ¼Þ­³ÖÝºÞ³¾Ý,,,
237,513244,238,§¹WSü,¹ÝÄÞ³ÊÁ¼Þ­³ÖÝºÞ³¾Ý,,,
238,513244,239,§¹WSü,¹ÝÄÞ³ÊÁ¼Þ­³ÖÝºÞ³¾Ý,,,
239,513244,240,§¹WSü,¹ÝÄÞ³ÊÁ¼Þ­³ÖÝºÞ³¾Ý,,,
240,513244,241,§¹WSü,¹ÝÄÞ³ÊÁ¼Þ­³ÖÝºÞ³¾Ý,,,
241,513244,242,§¹WSü,¹ÝÄÞ³ÊÁ¼Þ­³ÖÝºÞ³¾Ý,,,
242,513244,243,§¹WTü,¹ÝÄÞ³ÊÁ¼Þ­³ºÞºÞ³¾Ý,,,
243,513244,244,§¹WSü,¹ÝÄÞ³ÊÁ¼Þ­³ÖÝºÞ³¾Ý,,,
244,513244,245,§¹RSü,¹ÝÄÞ³»Ý¼Þ­³ÖÝºÞ³¾Ý,îìÊè,ÔÉÄÞµØ,
245,513244,246,§¹RSü,¹ÝÄÞ³»Ý¼Þ­³ÖÝºÞ³¾Ý,,,
246,513244,247,§¹RSü,¹ÝÄÞ³»Ý¼Þ­³ÖÝºÞ³¾Ý,,,
247,513244,248,§¹RSü,¹ÝÄÞ³»Ý¼Þ­³ÖÝºÞ³¾Ý,,,
248,513244,249,§¹WSü,¹ÝÄÞ³ÊÁ¼Þ­³ÖÝºÞ³¾Ý,,,
249,513244,250,§¹WSü,¹ÝÄÞ³ÊÁ¼Þ­³ÖÝºÞ³¾Ý,,,
250,513244,251,§¹RSü,¹ÝÄÞ³»Ý¼Þ­³ÖÝºÞ³¾Ý,îìÊè,ÔÉÄÞµØ,
251,513244,252,§¹VOü,¹ÝÄÞ³ÅÅ¼Þ­³ºÞ³¾Ý,,,
252,513244,253,§¹WSü,¹ÝÄÞ³ÊÁ¼Þ­³ÖÝºÞ³¾Ý,,,
253,513244,254,§¹WSü,¹ÝÄÞ³ÊÁ¼Þ­³ÖÝºÞ³¾Ý,,,
254,513244,255,§¹WSü,¹ÝÄÞ³ÊÁ¼Þ­³ÖÝºÞ³¾Ý,,,
255,513244,256,§¹WSü,¹ÝÄÞ³ÊÁ¼Þ­³ÖÝºÞ³¾Ý,,,
256,513244,257,§¹WTü,¹ÝÄÞ³ÊÁ¼Þ­³ºÞºÞ³¾Ý,,,
257,513244,258,§¹WTü,¹ÝÄÞ³ÊÁ¼Þ­³ºÞºÞ³¾Ý,,,
258,513244,259,§¹WTü,¹ÝÄÞ³ÊÁ¼Þ­³ºÞºÞ³¾Ý,,,
259,513244,260,§¹WTü,¹ÝÄÞ³ÊÁ¼Þ­³ºÞºÞ³¾Ý,,,
260,513244,261,§¹WSü,¹ÝÄÞ³ÊÁ¼Þ­³ÖÝºÞ³¾Ý,,,
261,513244,262,§¹WSü,¹ÝÄÞ³ÊÁ¼Þ­³ÖÝºÞ³¾Ý,,,
262,513244,263,§¹RSü,¹ÝÄÞ³»Ý¼Þ­³ÖÝºÞ³¾Ý,îìÊè,ÔÉÄÞµØ,
263,513244,264,§¹RSü,¹ÝÄÞ³»Ý¼Þ­³ÖÝºÞ³¾Ý,îìÊè,ÔÉÄÞµØ,
264,513244,265,§¹RSü,¹ÝÄÞ³»Ý¼Þ­³ÖÝºÞ³¾Ý,îìÊè,ÔÉÄÞµØ,
265,513244,266,§¹RSü,¹ÝÄÞ³»Ý¼Þ­³ÖÝºÞ³¾Ý,îìÊè,ÔÉÄÞµØ,
266,513244,267,§¹RSü,¹ÝÄÞ³»Ý¼Þ­³ÖÝºÞ³¾Ý,îìÊè,ÔÉÄÞµØ,
267,513244,268,§¹RSü,¹ÝÄÞ³»Ý¼Þ­³ÖÝºÞ³¾Ý,îìÊè,ÔÉÄÞµØ,
268,513244,269,§¹RSü,¹ÝÄÞ³»Ý¼Þ­³ÖÝºÞ³¾Ý,îìÊè,ÔÉÄÞµØ,
269,513244,270,§¹RSü,¹ÝÄÞ³»Ý¼Þ­³ÖÝºÞ³¾Ý,îìÊè,ÔÉÄÞµØ,
270,513244,271,§¹RSü,¹ÝÄÞ³»Ý¼Þ­³ÖÝºÞ³¾Ý,îìÊè,ÔÉÄÞµØ,
271,513244,272,§¹WUü,¹ÝÄÞ³ÊÁ¼Þ­³Û¸ºÞ³¾Ý,©àRÊè,º¶ÞÈÔÏÄÞµØ,
272,513244,273,§¹WUü,¹ÝÄÞ³ÊÁ¼Þ­³Û¸ºÞ³¾Ý,©àRÊè,º¶ÞÈÔÏÄÞµØ,
273,513244,274,§¹WSü,¹ÝÄÞ³ÊÁ¼Þ­³ÖÝºÞ³¾Ý,,,
274,513244,275,§¹WTü,¹ÝÄÞ³ÊÁ¼Þ­³ºÞºÞ³¾Ý,,,
275,513244,276,§¹WSü,¹ÝÄÞ³ÊÁ¼Þ­³ÖÝºÞ³¾Ý,,,
276,513244,277,§¹WSü,¹ÝÄÞ³ÊÁ¼Þ­³ÖÝºÞ³¾Ý,,,
277,513244,278,§¹WSü,¹ÝÄÞ³ÊÁ¼Þ­³ÖÝºÞ³¾Ý,,,
278,513244,279,§¹WSü,¹ÝÄÞ³ÊÁ¼Þ­³ÖÝºÞ³¾Ý,,,
279,513244,280,§¹WSü,¹ÝÄÞ³ÊÁ¼Þ­³ÖÝºÞ³¾Ý,,,
280,513244,281,§¹WSü,¹ÝÄÞ³ÊÁ¼Þ­³ÖÝºÞ³¾Ý,,,
281,513244,282,§¹WSü,¹ÝÄÞ³ÊÁ¼Þ­³ÖÝºÞ³¾Ý,,,
282,513244,283,§¹WSü,¹ÝÄÞ³ÊÁ¼Þ­³ÖÝºÞ³¾Ý,,,
283,513244,284,§¹WSü,¹ÝÄÞ³ÊÁ¼Þ­³ÖÝºÞ³¾Ý,,,
284,513244,285,§¹WSü,¹ÝÄÞ³ÊÁ¼Þ­³ÖÝºÞ³¾Ý,,,
285,513244,286,§¹WSü,¹ÝÄÞ³ÊÁ¼Þ­³ÖÝºÞ³¾Ý,,,
286,513244,287,§¹WSü,¹ÝÄÞ³ÊÁ¼Þ­³ÖÝºÞ³¾Ý,,,
287,513244,288,§¹WSü,¹ÝÄÞ³ÊÁ¼Þ­³ÖÝºÞ³¾Ý,,,
288,513244,289,§¹WSü,¹ÝÄÞ³ÊÁ¼Þ­³ÖÝºÞ³¾Ý,,,
289,513244,290,§¹WSü,¹ÝÄÞ³ÊÁ¼Þ­³ÖÝºÞ³¾Ý,,,
290,513244,291,§¹WSü,¹ÝÄÞ³ÊÁ¼Þ­³ÖÝºÞ³¾Ý,,,
291,513244,292,§¹WSü,¹ÝÄÞ³ÊÁ¼Þ­³ÖÝºÞ³¾Ý,,,
292,513244,293,§¹WSü,¹ÝÄÞ³ÊÁ¼Þ­³ÖÝºÞ³¾Ý,,,
293,513244,294,§¹WSü,¹ÝÄÞ³ÊÁ¼Þ­³ÖÝºÞ³¾Ý,,,
294,513244,295,§¹RSü,¹ÝÄÞ³»Ý¼Þ­³ÖÝºÞ³¾Ý,îìÊè,ÔÉÄÞµØ,
295,513244,296,§¹RSü,¹ÝÄÞ³»Ý¼Þ­³ÖÝºÞ³¾Ý,îìÊè,ÔÉÄÞµØ,
296,513244,297,§¹RSü,¹ÝÄÞ³»Ý¼Þ­³ÖÝºÞ³¾Ý,îìÊè,ÔÉÄÞµØ,
297,513244,298,§¹RSü,¹ÝÄÞ³»Ý¼Þ­³ÖÝºÞ³¾Ý,îìÊè,ÔÉÄÞµØ,
298,513244,299,§¹RSü,¹ÝÄÞ³»Ý¼Þ­³ÖÝºÞ³¾Ý,îìÊè,ÔÉÄÞµØ,
299,513244,300,§¹RSü,¹ÝÄÞ³»Ý¼Þ­³ÖÝºÞ³¾Ý,îìÊè,ÔÉÄÞµØ,
300,513244,301,§¹RSü,¹ÝÄÞ³»Ý¼Þ­³ÖÝºÞ³¾Ý,îìÊè,ÔÉÄÞµØ,
301,513244,302,§¹RSü,¹ÝÄÞ³»Ý¼Þ­³ÖÝºÞ³¾Ý,îìÊè,ÔÉÄÞµØ,
302,513244,303,§¹RSü,¹ÝÄÞ³»Ý¼Þ­³ÖÝºÞ³¾Ý,îìÊè,ÔÉÄÞµØ,
303,513244,304,§¹RSü,¹ÝÄÞ³»Ý¼Þ­³ÖÝºÞ³¾Ý,îìÊè,ÔÉÄÞµØ,
304,513244,305,§¹RSü,¹ÝÄÞ³»Ý¼Þ­³ÖÝºÞ³¾Ý,îìÊè,ÔÉÄÞµØ,
305,513244,306,§¹RSü,¹ÝÄÞ³»Ý¼Þ­³ÖÝºÞ³¾Ý,îìÊè,ÔÉÄÞµØ,
306,513244,307,§¹VOü,¹ÝÄÞ³ÅÅ¼Þ­³ºÞ³¾Ý,·iÊè,Ç¸¼ÅÄÞµØ,
307,513244,308,§¹VOü,¹ÝÄÞ³ÅÅ¼Þ­³ºÞ³¾Ý,·iÊè,Ç¸¼ÅÄÞµØ,
308,513244,309,§¹VOü,¹ÝÄÞ³ÅÅ¼Þ­³ºÞ³¾Ý,·iÊè,Ç¸¼ÅÄÞµØ,
309,513244,310,§¹VOü,¹ÝÄÞ³ÅÅ¼Þ­³ºÞ³¾Ý,·iÊè,Ç¸¼ÅÄÞµØ,
310,513244,311,§¹VOü,¹ÝÄÞ³ÅÅ¼Þ­³ºÞ³¾Ý,·iÊè,Ç¸¼ÅÄÞµØ,
311,513244,312,§¹VOü,¹ÝÄÞ³ÅÅ¼Þ­³ºÞ³¾Ý,·iÊè,Ç¸¼ÅÄÞµØ,
312,513244,313,§¹VOü,¹ÝÄÞ³ÅÅ¼Þ­³ºÞ³¾Ý,,,
313,513244,314,§¹VOü,¹ÝÄÞ³ÅÅ¼Þ­³ºÞ³¾Ý,·iÊè,Ç¸¼ÅÄÞµØ,
314,513244,315,§¹VOü,¹ÝÄÞ³ÅÅ¼Þ­³ºÞ³¾Ý,·iÊè,Ç¸¼ÅÄÞµØ,
315,513244,316,§¹VOü,¹ÝÄÞ³ÅÅ¼Þ­³ºÞ³¾Ý,·iÊè,Ç¸¼ÅÄÞµØ,
316,513244,317,§¹VOü,¹ÝÄÞ³ÅÅ¼Þ­³ºÞ³¾Ý,·iÊè,Ç¸¼ÅÄÞµØ,
317,513244,318,§¹VOü,¹ÝÄÞ³ÅÅ¼Þ­³ºÞ³¾Ý,·iÊè,Ç¸¼ÅÄÞµØ,
318,513244,319,§¹VOü,¹ÝÄÞ³ÅÅ¼Þ­³ºÞ³¾Ý,,,
319,513244,320,§¹VOü,¹ÝÄÞ³ÅÅ¼Þ­³ºÞ³¾Ý,,,
320,513244,321,§¹VOü,¹ÝÄÞ³ÅÅ¼Þ­³ºÞ³¾Ý,,,
321,513244,322,§¹VOü,¹ÝÄÞ³ÅÅ¼Þ­³ºÞ³¾Ý,,,
322,513244,323,§¹VOü,¹ÝÄÞ³ÅÅ¼Þ­³ºÞ³¾Ý,,,
323,513244,324,§¹VOü,¹ÝÄÞ³ÅÅ¼Þ­³ºÞ³¾Ý,,,
324,513244,325,§¹VOü,¹ÝÄÞ³ÅÅ¼Þ­³ºÞ³¾Ý,,,
325,513244,326,§¹VOü,¹ÝÄÞ³ÅÅ¼Þ­³ºÞ³¾Ý,,,
326,513244,327,§¹WSü,¹ÝÄÞ³ÊÁ¼Þ­³ÖÝºÞ³¾Ý,,,
327,513244,328,§¹WSü,¹ÝÄÞ³ÊÁ¼Þ­³ÖÝºÞ³¾Ý,,,
328,513244,329,§¹WTü,¹ÝÄÞ³ÊÁ¼Þ­³ºÞºÞ³¾Ý,,,
329,513244,330,§¹WTü,¹ÝÄÞ³ÊÁ¼Þ­³ºÞºÞ³¾Ý,,,
330,513244,331,§¹WTü,¹ÝÄÞ³ÊÁ¼Þ­³ºÞºÞ³¾Ý,,,
331,513244,332,§¹WTü,¹ÝÄÞ³ÊÁ¼Þ­³ºÞºÞ³¾Ý,,,
332,513244,333,§¹WTü,¹ÝÄÞ³ÊÁ¼Þ­³ºÞºÞ³¾Ý,,,
333,513244,334,§¹WTü,¹ÝÄÞ³ÊÁ¼Þ­³ºÞºÞ³¾Ý,,,
334,513244,335,§¹WTü,¹ÝÄÞ³ÊÁ¼Þ­³ºÞºÞ³¾Ý,,,
335,513244,336,§¹WTü,¹ÝÄÞ³ÊÁ¼Þ­³ºÞºÞ³¾Ý,,,
336,513244,337,§¹WTü,¹ÝÄÞ³ÊÁ¼Þ­³ºÞºÞ³¾Ý,,,
337,513244,338,§¹WTü,¹ÝÄÞ³ÊÁ¼Þ­³ºÞºÞ³¾Ý,,,
338,513244,339,§¹WTü,¹ÝÄÞ³ÊÁ¼Þ­³ºÞºÞ³¾Ý,,,
339,513244,340,§¹RSü,¹ÝÄÞ³»Ý¼Þ­³ÖÝºÞ³¾Ý,îìÊè,ÔÉÄÞµØ,
340,513244,341,§¹RSü,¹ÝÄÞ³»Ý¼Þ­³ÖÝºÞ³¾Ý,îìÊè,ÔÉÄÞµØ,
341,513244,342,§¹RSü,¹ÝÄÞ³»Ý¼Þ­³ÖÝºÞ³¾Ý,,,
342,513244,343,§¹RSü,¹ÝÄÞ³»Ý¼Þ­³ÖÝºÞ³¾Ý,,,
343,513244,344,§¹WSü,¹ÝÄÞ³ÊÁ¼Þ­³ÖÝºÞ³¾Ý,,,
344,513244,345,§¹WSü,¹ÝÄÞ³ÊÁ¼Þ­³ÖÝºÞ³¾Ý,,,
345,513244,346,§¹WSü,¹ÝÄÞ³ÊÁ¼Þ­³ÖÝºÞ³¾Ý,,,
346,513244,347,§¹WSü,¹ÝÄÞ³ÊÁ¼Þ­³ÖÝºÞ³¾Ý,,,
347,513244,348,§¹WSü,¹ÝÄÞ³ÊÁ¼Þ­³ÖÝºÞ³¾Ý,,,
348,513244,349,§¹WSü,¹ÝÄÞ³ÊÁ¼Þ­³ÖÝºÞ³¾Ý,,,
349,513244,350,§¹WSü,¹ÝÄÞ³ÊÁ¼Þ­³ÖÝºÞ³¾Ý,,,
350,513244,351,§¹WSü,¹ÝÄÞ³ÊÁ¼Þ­³ÖÝºÞ³¾Ý,,,
351,513244,352,§¹WSü,¹ÝÄÞ³ÊÁ¼Þ­³ÖÝºÞ³¾Ý,,,
352,513244,353,§¹WSü,¹ÝÄÞ³ÊÁ¼Þ­³ÖÝºÞ³¾Ý,,,
353,513244,354,§¹WSü,¹ÝÄÞ³ÊÁ¼Þ­³ÖÝºÞ³¾Ý,,,
354,513244,355,§¹RSü,¹ÝÄÞ³»Ý¼Þ­³ÖÝºÞ³¾Ý,,,
355,513244,356,§¹RSü,¹ÝÄÞ³»Ý¼Þ­³ÖÝºÞ³¾Ý,,,
356,513244,357,§¹RSü,¹ÝÄÞ³»Ý¼Þ­³ÖÝºÞ³¾Ý,,,
357,513244,358,§¹RSü,¹ÝÄÞ³»Ý¼Þ­³ÖÝºÞ³¾Ý,,,
358,513244,359,§¹RSü,¹ÝÄÞ³»Ý¼Þ­³ÖÝºÞ³¾Ý,,,
359,513244,360,§¹RSü,¹ÝÄÞ³»Ý¼Þ­³ÖÝºÞ³¾Ý,,,
360,513244,361,§¹RSü,¹ÝÄÞ³»Ý¼Þ­³ÖÝºÞ³¾Ý,,,
361,513244,362,§¹RSü,¹ÝÄÞ³»Ý¼Þ­³ÖÝºÞ³¾Ý,,,
362,513244,363,§¹RSü,¹ÝÄÞ³»Ý¼Þ­³ÖÝºÞ³¾Ý,,,
363,513244,364,§¹RSü,¹ÝÄÞ³»Ý¼Þ­³ÖÝºÞ³¾Ý,,,
364,513244,365,§¹RSü,¹ÝÄÞ³»Ý¼Þ­³ÖÝºÞ³¾Ý,,,
365,513244,366,§¹RSü,¹ÝÄÞ³»Ý¼Þ­³ÖÝºÞ³¾Ý,,,
366,513244,367,§¹RSü,¹ÝÄÞ³»Ý¼Þ­³ÖÝºÞ³¾Ý,,,
367,513244,368,§¹WSü,¹ÝÄÞ³ÊÁ¼Þ­³ÖÝºÞ³¾Ý,,,
368,513244,369,§¹WSü,¹ÝÄÞ³ÊÁ¼Þ­³ÖÝºÞ³¾Ý,,,
369,513244,370,§¹WSü,¹ÝÄÞ³ÊÁ¼Þ­³ÖÝºÞ³¾Ý,,,
370,513244,371,§¹RSü,¹ÝÄÞ³»Ý¼Þ­³ÖÝºÞ³¾Ý,,,
371,513244,372,§¹RSü,¹ÝÄÞ³»Ý¼Þ­³ÖÝºÞ³¾Ý,,,
372,513244,373,§¹VOü,¹ÝÄÞ³ÅÅ¼Þ­³ºÞ³¾Ý,,,
373,513244,374,§¹VOü,¹ÝÄÞ³ÅÅ¼Þ­³ºÞ³¾Ý,,,
374,513244,375,§¹RSü,¹ÝÄÞ³»Ý¼Þ­³ÖÝºÞ³¾Ý,,,
375,513244,376,§¹RSü,¹ÝÄÞ³»Ý¼Þ­³ÖÝºÞ³¾Ý,,,
376,513244,377,§¹RSü,¹ÝÄÞ³»Ý¼Þ­³ÖÝºÞ³¾Ý,îìÀYüoCpX,ÔÉÔ½³×¾ÝÊÞ²Êß½,
377,513244,378,§¹WSü,¹ÝÄÞ³ÊÁ¼Þ­³ÖÝºÞ³¾Ý, ¯ÚÌÊè,±¹ÎÞÉÄÞµØ,
378,513244,379,§¹WSü,¹ÝÄÞ³ÊÁ¼Þ­³ÖÝºÞ³¾Ý, ¯ÚÌÊè,±¹ÎÞÉÄÞµØ,
379,513244,380,§¹RSü,¹ÝÄÞ³»Ý¼Þ­³ÖÝºÞ³¾Ý,îìÀYüoCpX,ÔÉÔ½³×¾ÝÊÞ²Êß½,
380,513244,381,§¹RSü,¹ÝÄÞ³»Ý¼Þ­³ÖÝºÞ³¾Ý,îìÀYüoCpX,ÔÉÔ½³×¾ÝÊÞ²Êß½,
381,513244,382,§¹RSü,¹ÝÄÞ³»Ý¼Þ­³ÖÝºÞ³¾Ý,îìÀYüoCpX,ÔÉÔ½³×¾ÝÊÞ²Êß½,
382,513244,383,§¹RSü,¹ÝÄÞ³»Ý¼Þ­³ÖÝºÞ³¾Ý,îìÀYüoCpX,ÔÉÔ½³×¾ÝÊÞ²Êß½,
383,513244,384,§¹WUü,¹ÝÄÞ³ÊÁ¼Þ­³Û¸ºÞ³¾Ý,©àRÊè,º¶ÞÈÔÏÄÞµØ,
384,513244,385,§¹WSü,¹ÝÄÞ³ÊÁ¼Þ­³ÖÝºÞ³¾Ý,,,
385,513244,386,§¹VOü,¹ÝÄÞ³ÅÅ¼Þ­³ºÞ³¾Ý,,,
386,513244,387,§¹RSü,¹ÝÄÞ³»Ý¼Þ­³ÖÝºÞ³¾Ý,îìÀYüoCpX,ÔÉÔ½³×¾ÝÊÞ²Êß½,
387,513244,388,§¹RSü,¹ÝÄÞ³»Ý¼Þ­³ÖÝºÞ³¾Ý,îìÀYüoCpX,ÔÉÔ½³×¾ÝÊÞ²Êß½,
388,513244,389,§¹RSü,¹ÝÄÞ³»Ý¼Þ­³ÖÝºÞ³¾Ý,îìÀYüoCpX,ÔÉÔ½³×¾ÝÊÞ²Êß½,
389,513244,390,§¹WSü,¹ÝÄÞ³ÊÁ¼Þ­³ÖÝºÞ³¾Ý, ¯ÚÌÊè,±¹ÎÞÉÄÞµØ,
390,513244,391,§¹WSü,¹ÝÄÞ³ÊÁ¼Þ­³ÖÝºÞ³¾Ý, ¯ÚÌÊè,±¹ÎÞÉÄÞµØ,
391,513244,392,§¹WUü,¹ÝÄÞ³ÊÁ¼Þ­³Û¸ºÞ³¾Ý,©àRÊè,º¶ÞÈÔÏÄÞµØ,
392,513244,393,§¹RSü,¹ÝÄÞ³»Ý¼Þ­³ÖÝºÞ³¾Ý,LFì¹H,ËÛ¼Ï¸ÏÉÄÞ³Û,
393,513244,394,§¹RSü,¹ÝÄÞ³»Ý¼Þ­³ÖÝºÞ³¾Ý,LFì¹H,ËÛ¼Ï¸ÏÉÄÞ³Û,
394,513244,395,§¹RSü,¹ÝÄÞ³»Ý¼Þ­³ÖÝºÞ³¾Ý,,,
395,513244,396,§¹RSü,¹ÝÄÞ³»Ý¼Þ­³ÖÝºÞ³¾Ý,îìÀYüoCpX,ÔÉÔ½³×¾ÝÊÞ²Êß½,
396,513244,397,§¹WUü,¹ÝÄÞ³ÊÁ¼Þ­³Û¸ºÞ³¾Ý,©àRÊè,º¶ÞÈÔÏÄÞµØ,
397,513244,398,§¹WUü,¹ÝÄÞ³ÊÁ¼Þ­³Û¸ºÞ³¾Ý,©àRÊè,º¶ÞÈÔÏÄÞµØ,
398,513244,399,§¹WUü,¹ÝÄÞ³ÊÁ¼Þ­³Û¸ºÞ³¾Ý,©àRÊè,º¶ÞÈÔÏÄÞµØ,
399,513244,400,§¹WUü,¹ÝÄÞ³ÊÁ¼Þ­³Û¸ºÞ³¾Ý,©àRÊè,º¶ÞÈÔÏÄÞµØ,
400,513244,401,§¹WUü,¹ÝÄÞ³ÊÁ¼Þ­³Û¸ºÞ³¾Ý,©àRÊè,º¶ÞÈÔÏÄÞµØ,
401,513244,402,§¹WUü,¹ÝÄÞ³ÊÁ¼Þ­³Û¸ºÞ³¾Ý,©àRÊè,º¶ÞÈÔÏÄÞµØ,
402,513244,403,§¹WUü,¹ÝÄÞ³ÊÁ¼Þ­³Û¸ºÞ³¾Ý,©àRÊè,º¶ÞÈÔÏÄÞµØ,
403,513244,404,§¹VOü,¹ÝÄÞ³ÅÅ¼Þ­³ºÞ³¾Ý,,,
404,513244,405,§¹VOü,¹ÝÄÞ³ÅÅ¼Þ­³ºÞ³¾Ý,,,
405,513244,406,§¹VOü,¹ÝÄÞ³ÅÅ¼Þ­³ºÞ³¾Ý,,,
406,513244,407,§¹VOü,¹ÝÄÞ³ÅÅ¼Þ­³ºÞ³¾Ý,,,
407,513244,408,§¹RSü,¹ÝÄÞ³»Ý¼Þ­³ÖÝºÞ³¾Ý,îìÀYüoCpX,ÔÉÔ½³×¾ÝÊÞ²Êß½,
408,513244,409,§¹RSü,¹ÝÄÞ³»Ý¼Þ­³ÖÝºÞ³¾Ý,îìÀYüoCpX,ÔÉÔ½³×¾ÝÊÞ²Êß½,
409,513244,410,§¹VOü,¹ÝÄÞ³ÅÅ¼Þ­³ºÞ³¾Ý,,,
410,513244,411,§¹PVSü,¹ÝÄÞ³Ë¬¸ÅÅ¼Þ­³ÖÝºÞ³¾Ý,,,
411,513244,412,§¹PVSü,¹ÝÄÞ³Ë¬¸ÅÅ¼Þ­³ÖÝºÞ³¾Ý,FìÕ¹,¸ÏÉ±ÄÐÁ,
412,513244,413,§¹QVSü,¹ÝÄÞ³ÆË¬¸ÅÅ¼Þ­³ÖÝºÞ³¾Ý,À|Rz¹,±·»ÝÖ³ÄÞ³,
413,513244,414,§¹QVSü,¹ÝÄÞ³ÆË¬¸ÅÅ¼Þ­³ÖÝºÞ³¾Ý,À|Rz¹,±·»ÝÖ³ÄÞ³,
414,513244,415,§¹PTPü,¹ÝÄÞ³Ë¬¸ºÞ¼Þ­³²ÁºÞ³¾Ý,À|Rz¹,±·»ÝÖ³ÄÞ³,
415,513244,416,§¹PTPü,¹ÝÄÞ³Ë¬¸ºÞ¼Þ­³²ÁºÞ³¾Ý,À|Rz¹,±·»ÝÖ³ÄÞ³,
416,513244,417,§¹PTPü,¹ÝÄÞ³Ë¬¸ºÞ¼Þ­³²ÁºÞ³¾Ý,À|Rz¹,±·»ÝÖ³ÄÞ³,
417,513244,418,§¹PTPü,¹ÝÄÞ³Ë¬¸ºÞ¼Þ­³²ÁºÞ³¾Ý,À|Rz¹,±·»ÝÖ³ÄÞ³,
418,513244,419,§¹QVSü,¹ÝÄÞ³ÆË¬¸ÅÅ¼Þ­³ÖÝºÞ³¾Ý,À|Rz¹,±·»ÝÖ³ÄÞ³,
419,513244,420,§¹PTPü,¹ÝÄÞ³Ë¬¸ºÞ¼Þ­³²ÁºÞ³¾Ý,,,
420,513244,421,§¹PTPü,¹ÝÄÞ³Ë¬¸ºÞ¼Þ­³²ÁºÞ³¾Ý,,,
421,513244,422,§¹QVSü,¹ÝÄÞ³ÆË¬¸ÅÅ¼Þ­³ÖÝºÞ³¾Ý,À|Rz¹,±·»ÝÖ³ÄÞ³,
422,513244,423,§¹QVSü,¹ÝÄÞ³ÆË¬¸ÅÅ¼Þ­³ÖÝºÞ³¾Ý,À|Rz¹,±·»ÝÖ³ÄÞ³,
423,513244,424,§¹PTPü,¹ÝÄÞ³Ë¬¸ºÞ¼Þ­³²ÁºÞ³¾Ý,,,
424,513244,425,§¹PTPü,¹ÝÄÞ³Ë¬¸ºÞ¼Þ­³²ÁºÞ³¾Ý,,,
425,513244,426,§¹PTQü,¹ÝÄÞ³Ë¬¸ºÞ¼Þ­³ÆºÞ³¾Ý,,,
426,513244,427,§¹PTQü,¹ÝÄÞ³Ë¬¸ºÞ¼Þ­³ÆºÞ³¾Ý,,,
427,513244,428,§¹PTQü,¹ÝÄÞ³Ë¬¸ºÞ¼Þ­³ÆºÞ³¾Ý,,,
428,513244,429,§¹PTQü,¹ÝÄÞ³Ë¬¸ºÞ¼Þ­³ÆºÞ³¾Ý,,,
429,513244,430,§¹PTQü,¹ÝÄÞ³Ë¬¸ºÞ¼Þ­³ÆºÞ³¾Ý,,,
430,513244,431,§¹PTPü,¹ÝÄÞ³Ë¬¸ºÞ¼Þ­³²ÁºÞ³¾Ý,,,
431,513244,432,§¹PTPü,¹ÝÄÞ³Ë¬¸ºÞ¼Þ­³²ÁºÞ³¾Ý,,,
432,513244,433,§¹QVSü,¹ÝÄÞ³ÆË¬¸ÅÅ¼Þ­³ÖÝºÞ³¾Ý,,,
433,513244,434,§¹PTPü,¹ÝÄÞ³Ë¬¸ºÞ¼Þ­³²ÁºÞ³¾Ý,,,
434,513244,435,§¹PTPü,¹ÝÄÞ³Ë¬¸ºÞ¼Þ­³²ÁºÞ³¾Ý,,,
435,513244,436,§¹QVSü,¹ÝÄÞ³ÆË¬¸ÅÅ¼Þ­³ÖÝºÞ³¾Ý,,,
436,513244,437,§¹QVSü,¹ÝÄÞ³ÆË¬¸ÅÅ¼Þ­³ÖÝºÞ³¾Ý,,,
437,513244,438,§¹PTPü,¹ÝÄÞ³Ë¬¸ºÞ¼Þ­³²ÁºÞ³¾Ý,,,
438,513244,439,§¹PTPü,¹ÝÄÞ³Ë¬¸ºÞ¼Þ­³²ÁºÞ³¾Ý,,,
439,513244,440,§¹QVSü,¹ÝÄÞ³ÆË¬¸ÅÅ¼Þ­³ÖÝºÞ³¾Ý,À|Rz¹,±·»ÝÖ³ÄÞ³,
440,513244,441,§¹QVSü,¹ÝÄÞ³ÆË¬¸ÅÅ¼Þ­³ÖÝºÞ³¾Ý,À|Rz¹,±·»ÝÖ³ÄÞ³,
441,513244,442,§¹QVSü,¹ÝÄÞ³ÆË¬¸ÅÅ¼Þ­³ÖÝºÞ³¾Ý,À|Rz¹,±·»ÝÖ³ÄÞ³,
442,513244,443,§¹PTPü,¹ÝÄÞ³Ë¬¸ºÞ¼Þ­³²ÁºÞ³¾Ý,,,
443,513244,444,§¹PTPü,¹ÝÄÞ³Ë¬¸ºÞ¼Þ­³²ÁºÞ³¾Ý,,,
444,513244,445,§¹QVSü,¹ÝÄÞ³ÆË¬¸ÅÅ¼Þ­³ÖÝºÞ³¾Ý,À|Rz¹,±·»ÝÖ³ÄÞ³,
445,513244,446,§¹PTPü,¹ÝÄÞ³Ë¬¸ºÞ¼Þ­³²ÁºÞ³¾Ý,,,
446,513244,447,§¹QVSü,¹ÝÄÞ³ÆË¬¸ÅÅ¼Þ­³ÖÝºÞ³¾Ý,À|Rz¹,±·»ÝÖ³ÄÞ³,
447,513244,448,§¹PVSü,¹ÝÄÞ³Ë¬¸ÅÅ¼Þ­³ÖÝºÞ³¾Ý,FìÕ¹,¸ÏÉ±ÄÐÁ,
448,513244,449,§¹PVSü,¹ÝÄÞ³Ë¬¸ÅÅ¼Þ­³ÖÝºÞ³¾Ý,FìÕ¹,¸ÏÉ±ÄÐÁ,
449,513244,450,§¹PVSü,¹ÝÄÞ³Ë¬¸ÅÅ¼Þ­³ÖÝºÞ³¾Ý,FìÕ¹,¸ÏÉ±ÄÐÁ,
450,513244,451,§¹PVSü,¹ÝÄÞ³Ë¬¸ÅÅ¼Þ­³ÖÝºÞ³¾Ý,FìÕ¹,¸ÏÉ±ÄÐÁ,
451,513244,452,§¹PVSü,¹ÝÄÞ³Ë¬¸ÅÅ¼Þ­³ÖÝºÞ³¾Ý,FìÕ¹,¸ÏÉ±ÄÐÁ,
452,513244,453,§¹PVSü,¹ÝÄÞ³Ë¬¸ÅÅ¼Þ­³ÖÝºÞ³¾Ý,FìÕ¹,¸ÏÉ±ÄÐÁ,
453,513244,454,§¹QVSü,¹ÝÄÞ³ÆË¬¸ÅÅ¼Þ­³ÖÝºÞ³¾Ý,À|Rz¹,±·»ÝÖ³ÄÞ³,
454,513244,455,§¹QVSü,¹ÝÄÞ³ÆË¬¸ÅÅ¼Þ­³ÖÝºÞ³¾Ý,À|Rz¹,±·»ÝÖ³ÄÞ³,
455,513244,456,§¹QVSü,¹ÝÄÞ³ÆË¬¸ÅÅ¼Þ­³ÖÝºÞ³¾Ý,À|Rz¹,±·»ÝÖ³ÄÞ³,
456,513244,457,§¹QVSü,¹ÝÄÞ³ÆË¬¸ÅÅ¼Þ­³ÖÝºÞ³¾Ý,À|Rz¹,±·»ÝÖ³ÄÞ³,
457,513244,458,§¹QVSü,¹ÝÄÞ³ÆË¬¸ÅÅ¼Þ­³ÖÝºÞ³¾Ý,À|Rz¹,±·»ÝÖ³ÄÞ³,
458,513244,459,§¹QVSü,¹ÝÄÞ³ÆË¬¸ÅÅ¼Þ­³ÖÝºÞ³¾Ý,À|Rz¹,±·»ÝÖ³ÄÞ³,
459,513244,460,§¹QVSü,¹ÝÄÞ³ÆË¬¸ÅÅ¼Þ­³ÖÝºÞ³¾Ý,À|Rz¹,±·»ÝÖ³ÄÞ³,
460,513244,461,§¹QVSü,¹ÝÄÞ³ÆË¬¸ÅÅ¼Þ­³ÖÝºÞ³¾Ý,À|Rz¹,±·»ÝÖ³ÄÞ³,
461,513244,462,§¹QVSü,¹ÝÄÞ³ÆË¬¸ÅÅ¼Þ­³ÖÝºÞ³¾Ý,À|Rz¹,±·»ÝÖ³ÄÞ³,
462,513244,463,§¹QVSü,¹ÝÄÞ³ÆË¬¸ÅÅ¼Þ­³ÖÝºÞ³¾Ý,À|Rz¹,±·»ÝÖ³ÄÞ³,
463,513244,464,§¹QVSü,¹ÝÄÞ³ÆË¬¸ÅÅ¼Þ­³ÖÝºÞ³¾Ý,À|Rz¹,±·»ÝÖ³ÄÞ³,
464,513244,465,§¹QVSü,¹ÝÄÞ³ÆË¬¸ÅÅ¼Þ­³ÖÝºÞ³¾Ý,À|Rz¹,±·»ÝÖ³ÄÞ³,
465,513244,466,§¹QVSü,¹ÝÄÞ³ÆË¬¸ÅÅ¼Þ­³ÖÝºÞ³¾Ý,À|Rz¹,±·»ÝÖ³ÄÞ³,
466,513244,467,§¹QVSü,¹ÝÄÞ³ÆË¬¸ÅÅ¼Þ­³ÖÝºÞ³¾Ý,À|Rz¹,±·»ÝÖ³ÄÞ³,
467,513244,468,§¹QVSü,¹ÝÄÞ³ÆË¬¸ÅÅ¼Þ­³ÖÝºÞ³¾Ý,À|Rz¹,±·»ÝÖ³ÄÞ³,
468,513244,469,§¹QVSü,¹ÝÄÞ³ÆË¬¸ÅÅ¼Þ­³ÖÝºÞ³¾Ý,À|Rz¹,±·»ÝÖ³ÄÞ³,
469,513244,470,§¹PTPü,¹ÝÄÞ³Ë¬¸ºÞ¼Þ­³²ÁºÞ³¾Ý,À|Rz¹,±·»ÝÖ³ÄÞ³,
470,513244,471,§¹PTPü,¹ÝÄÞ³Ë¬¸ºÞ¼Þ­³²ÁºÞ³¾Ý,À|Rz¹,±·»ÝÖ³ÄÞ³,
471,513244,472,§¹PTPü,¹ÝÄÞ³Ë¬¸ºÞ¼Þ­³²ÁºÞ³¾Ý,,,
472,513244,473,§¹PTPü,¹ÝÄÞ³Ë¬¸ºÞ¼Þ­³²ÁºÞ³¾Ý,À|Rz¹,±·»ÝÖ³ÄÞ³,
473,513244,474,§¹QVSü,¹ÝÄÞ³ÆË¬¸ÅÅ¼Þ­³ÖÝºÞ³¾Ý,À|Rz¹,±·»ÝÖ³ÄÞ³,
474,513244,475,§¹QVSü,¹ÝÄÞ³ÆË¬¸ÅÅ¼Þ­³ÖÝºÞ³¾Ý,À|Rz¹,±·»ÝÖ³ÄÞ³,
475,513244,476,§¹QVUü,¹ÝÄÞ³ÆË¬¸ÅÅ¼Þ­³Û¸ºÞ³¾Ý,,,
476,513244,477,§¹QVUü,¹ÝÄÞ³ÆË¬¸ÅÅ¼Þ­³Û¸ºÞ³¾Ý,,,
477,513244,478,§¹QVUü,¹ÝÄÞ³ÆË¬¸ÅÅ¼Þ­³Û¸ºÞ³¾Ý,,,
478,513244,479,§¹PTPü,¹ÝÄÞ³Ë¬¸ºÞ¼Þ­³²ÁºÞ³¾Ý,,,
479,513244,480,§¹PTPü,¹ÝÄÞ³Ë¬¸ºÞ¼Þ­³²ÁºÞ³¾Ý,,,
480,513244,481,§¹PTPü,¹ÝÄÞ³Ë¬¸ºÞ¼Þ­³²ÁºÞ³¾Ý,,,
481,513244,482,§¹PXWü,¹ÝÄÞ³Ë¬¸·­³¼Þ­³ÊÁºÞ³¾Ý,,,
482,513244,483,§¹QVUü,¹ÝÄÞ³ÆË¬¸ÅÅ¼Þ­³Û¸ºÞ³¾Ý,,,
483,513244,484,§¹QVUü,¹ÝÄÞ³ÆË¬¸ÅÅ¼Þ­³Û¸ºÞ³¾Ý,,,
484,513244,485,§¹PTPü,¹ÝÄÞ³Ë¬¸ºÞ¼Þ­³²ÁºÞ³¾Ý,,,
485,513244,486,§¹PTPü,¹ÝÄÞ³Ë¬¸ºÞ¼Þ­³²ÁºÞ³¾Ý,,,
486,513244,487,§¹QVQü,¹ÝÄÞ³ÆË¬¸ÅÅ¼Þ­³ÆºÞ³¾Ý,,,
487,513244,488,§¹PTPü,¹ÝÄÞ³Ë¬¸ºÞ¼Þ­³²ÁºÞ³¾Ý,À|Rz¹,±·»ÝÖ³ÄÞ³,
488,513244,489,§¹QVSü,¹ÝÄÞ³ÆË¬¸ÅÅ¼Þ­³ÖÝºÞ³¾Ý,,,
489,513244,490,§¹QVSü,¹ÝÄÞ³ÆË¬¸ÅÅ¼Þ­³ÖÝºÞ³¾Ý,,,
490,513244,491,§¹PTPü,¹ÝÄÞ³Ë¬¸ºÞ¼Þ­³²ÁºÞ³¾Ý,,,
491,513244,492,§¹PTPü,¹ÝÄÞ³Ë¬¸ºÞ¼Þ­³²ÁºÞ³¾Ý,,,
492,513244,493,§¹PTPü,¹ÝÄÞ³Ë¬¸ºÞ¼Þ­³²ÁºÞ³¾Ý,,,
493,513244,494,§¹PTPü,¹ÝÄÞ³Ë¬¸ºÞ¼Þ­³²ÁºÞ³¾Ý,,,
494,513244,495,§¹PTPü,¹ÝÄÞ³Ë¬¸ºÞ¼Þ­³²ÁºÞ³¾Ý,,,
495,513244,496,§¹PTPü,¹ÝÄÞ³Ë¬¸ºÞ¼Þ­³²ÁºÞ³¾Ý,,,
496,513244,497,§¹PTPü,¹ÝÄÞ³Ë¬¸ºÞ¼Þ­³²ÁºÞ³¾Ý,,,
497,513244,498,§¹QVSü,¹ÝÄÞ³ÆË¬¸ÅÅ¼Þ­³ÖÝºÞ³¾Ý,À|Rz¹,±·»ÝÖ³ÄÞ³,
498,513244,499,§¹QVSü,¹ÝÄÞ³ÆË¬¸ÅÅ¼Þ­³ÖÝºÞ³¾Ý,À|Rz¹,±·»ÝÖ³ÄÞ³,
499,513244,500,§¹QVSü,¹ÝÄÞ³ÆË¬¸ÅÅ¼Þ­³ÖÝºÞ³¾Ý,À|Rz¹,±·»ÝÖ³ÄÞ³,
500,513244,501,§¹QVSü,¹ÝÄÞ³ÆË¬¸ÅÅ¼Þ­³ÖÝºÞ³¾Ý,À|Rz¹,±·»ÝÖ³ÄÞ³,
501,513244,502,§¹QVSü,¹ÝÄÞ³ÆË¬¸ÅÅ¼Þ­³ÖÝºÞ³¾Ý,À|Rz¹,±·»ÝÖ³ÄÞ³,
502,513244,503,§¹QVSü,¹ÝÄÞ³ÆË¬¸ÅÅ¼Þ­³ÖÝºÞ³¾Ý,À|Rz¹,±·»ÝÖ³ÄÞ³,
503,513244,504,§¹QVSü,¹ÝÄÞ³ÆË¬¸ÅÅ¼Þ­³ÖÝºÞ³¾Ý,À|Rz¹,±·»ÝÖ³ÄÞ³,
504,513244,505,§¹QVSü,¹ÝÄÞ³ÆË¬¸ÅÅ¼Þ­³ÖÝºÞ³¾Ý,À|Rz¹,±·»ÝÖ³ÄÞ³,
505,513244,506,§¹QVSü,¹ÝÄÞ³ÆË¬¸ÅÅ¼Þ­³ÖÝºÞ³¾Ý,À|Rz¹,±·»ÝÖ³ÄÞ³,
506,513244,507,§¹QVSü,¹ÝÄÞ³ÆË¬¸ÅÅ¼Þ­³ÖÝºÞ³¾Ý,À|Rz¹,±·»ÝÖ³ÄÞ³,
507,513244,508,§¹PVSü,¹ÝÄÞ³Ë¬¸ÅÅ¼Þ­³ÖÝºÞ³¾Ý,FìÕ¹,¸ÏÉ±ÄÐÁ,
508,513244,509,§¹PVSü,¹ÝÄÞ³Ë¬¸ÅÅ¼Þ­³ÖÝºÞ³¾Ý,FìÕ¹,¸ÏÉ±ÄÐÁ,
509,513244,510,§¹PVSü,¹ÝÄÞ³Ë¬¸ÅÅ¼Þ­³ÖÝºÞ³¾Ý,FìÕ¹,¸ÏÉ±ÄÐÁ,
510,513244,511,§¹QVSü,¹ÝÄÞ³ÆË¬¸ÅÅ¼Þ­³ÖÝºÞ³¾Ý,À|Rz¹,±·»ÝÖ³ÄÞ³,
511,513244,512,§¹QVSü,¹ÝÄÞ³ÆË¬¸ÅÅ¼Þ­³ÖÝºÞ³¾Ý,À|Rz¹,±·»ÝÖ³ÄÞ³,
512,513244,513,§¹QVSü,¹ÝÄÞ³ÆË¬¸ÅÅ¼Þ­³ÖÝºÞ³¾Ý,À|Rz¹,±·»ÝÖ³ÄÞ³,
513,513244,514,§¹QVQü,¹ÝÄÞ³ÆË¬¸ÅÅ¼Þ­³ÆºÞ³¾Ý,,,
514,513244,515,§¹QVQü,¹ÝÄÞ³ÆË¬¸ÅÅ¼Þ­³ÆºÞ³¾Ý,,,
515,513244,516,§¹PTQü,¹ÝÄÞ³Ë¬¸ºÞ¼Þ­³ÆºÞ³¾Ý,,,
516,513244,517,§¹PTQü,¹ÝÄÞ³Ë¬¸ºÞ¼Þ­³ÆºÞ³¾Ý,,,
517,513244,518,§¹PTPü,¹ÝÄÞ³Ë¬¸ºÞ¼Þ­³²ÁºÞ³¾Ý,,,
518,513244,519,§¹PTPü,¹ÝÄÞ³Ë¬¸ºÞ¼Þ­³²ÁºÞ³¾Ý,,,
519,513244,520,§¹PTPü,¹ÝÄÞ³Ë¬¸ºÞ¼Þ­³²ÁºÞ³¾Ý,,,
520,513244,521,§¹PTPü,¹ÝÄÞ³Ë¬¸ºÞ¼Þ­³²ÁºÞ³¾Ý,,,
521,513244,522,§¹PTPü,¹ÝÄÞ³Ë¬¸ºÞ¼Þ­³²ÁºÞ³¾Ý,,,
522,513244,523,§¹PTPü,¹ÝÄÞ³Ë¬¸ºÞ¼Þ­³²ÁºÞ³¾Ý,,,
523,513244,524,§¹PTQü,¹ÝÄÞ³Ë¬¸ºÞ¼Þ­³ÆºÞ³¾Ý,,,
524,513244,525,§¹PTQü,¹ÝÄÞ³Ë¬¸ºÞ¼Þ­³ÆºÞ³¾Ý,,,
525,513244,526,§¹PTQü,¹ÝÄÞ³Ë¬¸ºÞ¼Þ­³ÆºÞ³¾Ý,,,
526,513244,527,§¹PTQü,¹ÝÄÞ³Ë¬¸ºÞ¼Þ­³ÆºÞ³¾Ý,,,
527,513244,528,§¹PTPü,¹ÝÄÞ³Ë¬¸ºÞ¼Þ­³²ÁºÞ³¾Ý,,,
528,513244,529,§¹PXWü,¹ÝÄÞ³Ë¬¸·­³¼Þ­³ÊÁºÞ³¾Ý,,,
529,513244,530,§¹PXWü,¹ÝÄÞ³Ë¬¸·­³¼Þ­³ÊÁºÞ³¾Ý,,,
530,513244,531,§¹PTPü,¹ÝÄÞ³Ë¬¸ºÞ¼Þ­³²ÁºÞ³¾Ý,,,
531,513244,532,§¹PTPü,¹ÝÄÞ³Ë¬¸ºÞ¼Þ­³²ÁºÞ³¾Ý,,,
532,513244,533,§¹PTPü,¹ÝÄÞ³Ë¬¸ºÞ¼Þ­³²ÁºÞ³¾Ý,,,
533,513244,534,§¹PTPü,¹ÝÄÞ³Ë¬¸ºÞ¼Þ­³²ÁºÞ³¾Ý,,,
534,513244,535,§¹PTPü,¹ÝÄÞ³Ë¬¸ºÞ¼Þ­³²ÁºÞ³¾Ý,,,
535,513244,536,§¹QVSü,¹ÝÄÞ³ÆË¬¸ÅÅ¼Þ­³ÖÝºÞ³¾Ý,À|Rz¹,±·»ÝÖ³ÄÞ³,
536,513244,537,§¹QVSü,¹ÝÄÞ³ÆË¬¸ÅÅ¼Þ­³ÖÝºÞ³¾Ý,À|Rz¹,±·»ÝÖ³ÄÞ³,
537,513244,538,§¹QVSü,¹ÝÄÞ³ÆË¬¸ÅÅ¼Þ­³ÖÝºÞ³¾Ý,À|Rz¹,±·»ÝÖ³ÄÞ³,
538,513244,539,§¹QVSü,¹ÝÄÞ³ÆË¬¸ÅÅ¼Þ­³ÖÝºÞ³¾Ý,À|Rz¹,±·»ÝÖ³ÄÞ³,
539,513244,540,§¹QVSü,¹ÝÄÞ³ÆË¬¸ÅÅ¼Þ­³ÖÝºÞ³¾Ý,À|Rz¹,±·»ÝÖ³ÄÞ³,
540,513244,541,§¹QVSü,¹ÝÄÞ³ÆË¬¸ÅÅ¼Þ­³ÖÝºÞ³¾Ý,À|Rz¹,±·»ÝÖ³ÄÞ³,
541,513244,542,§¹QVSü,¹ÝÄÞ³ÆË¬¸ÅÅ¼Þ­³ÖÝºÞ³¾Ý,À|Rz¹,±·»ÝÖ³ÄÞ³,
542,513244,543,§¹QVSü,¹ÝÄÞ³ÆË¬¸ÅÅ¼Þ­³ÖÝºÞ³¾Ý,À|Rz¹,±·»ÝÖ³ÄÞ³,
543,513244,544,§¹QVUü,¹ÝÄÞ³ÆË¬¸ÅÅ¼Þ­³Û¸ºÞ³¾Ý,,,
544,513244,545,§¹QVUü,¹ÝÄÞ³ÆË¬¸ÅÅ¼Þ­³Û¸ºÞ³¾Ý,,,
545,513244,546,§¹QVUü,¹ÝÄÞ³ÆË¬¸ÅÅ¼Þ­³Û¸ºÞ³¾Ý,,,
546,513244,547,§¹QVSü,¹ÝÄÞ³ÆË¬¸ÅÅ¼Þ­³ÖÝºÞ³¾Ý,À|Rz¹,±·»ÝÖ³ÄÞ³,
547,513244,548,§¹QVUü,¹ÝÄÞ³ÆË¬¸ÅÅ¼Þ­³Û¸ºÞ³¾Ý,,,
548,513244,549,§¹QVUü,¹ÝÄÞ³ÆË¬¸ÅÅ¼Þ­³Û¸ºÞ³¾Ý,,,
549,513244,550,§¹QVUü,¹ÝÄÞ³ÆË¬¸ÅÅ¼Þ­³Û¸ºÞ³¾Ý,,,
550,513244,551,§¹QVUü,¹ÝÄÞ³ÆË¬¸ÅÅ¼Þ­³Û¸ºÞ³¾Ý,,,
551,513244,552,§¹QVUü,¹ÝÄÞ³ÆË¬¸ÅÅ¼Þ­³Û¸ºÞ³¾Ý,,,
552,513244,553,§¹QVUü,¹ÝÄÞ³ÆË¬¸ÅÅ¼Þ­³Û¸ºÞ³¾Ý,,,
553,513244,554,§¹QVSü,¹ÝÄÞ³ÆË¬¸ÅÅ¼Þ­³ÖÝºÞ³¾Ý,À|Rz¹,±·»ÝÖ³ÄÞ³,
554,513244,555,§¹QVSü,¹ÝÄÞ³ÆË¬¸ÅÅ¼Þ­³ÖÝºÞ³¾Ý,À|Rz¹,±·»ÝÖ³ÄÞ³,
555,513244,556,§¹QVSü,¹ÝÄÞ³ÆË¬¸ÅÅ¼Þ­³ÖÝºÞ³¾Ý,À|Rz¹,±·»ÝÖ³ÄÞ³,
556,513244,557,§¹QVSü,¹ÝÄÞ³ÆË¬¸ÅÅ¼Þ­³ÖÝºÞ³¾Ý,À|Rz¹,±·»ÝÖ³ÄÞ³,
557,513244,558,§¹QVSü,¹ÝÄÞ³ÆË¬¸ÅÅ¼Þ­³ÖÝºÞ³¾Ý,À|Rz¹,±·»ÝÖ³ÄÞ³,
558,513244,559,§¹QVSü,¹ÝÄÞ³ÆË¬¸ÅÅ¼Þ­³ÖÝºÞ³¾Ý,À|Rz¹,±·»ÝÖ³ÄÞ³,
559,513244,560,§¹QVSü,¹ÝÄÞ³ÆË¬¸ÅÅ¼Þ­³ÖÝºÞ³¾Ý,À|Rz¹,±·»ÝÖ³ÄÞ³,
560,513244,561,§¹PTPü,¹ÝÄÞ³Ë¬¸ºÞ¼Þ­³²ÁºÞ³¾Ý,À|Rz¹,±·»ÝÖ³ÄÞ³,
561,513244,562,§¹PTPü,¹ÝÄÞ³Ë¬¸ºÞ¼Þ­³²ÁºÞ³¾Ý,À|Rz¹,±·»ÝÖ³ÄÞ³,
562,513244,563,§¹PTPü,¹ÝÄÞ³Ë¬¸ºÞ¼Þ­³²ÁºÞ³¾Ý,,,
563,513244,564,§¹PTPü,¹ÝÄÞ³Ë¬¸ºÞ¼Þ­³²ÁºÞ³¾Ý,,,
564,513244,565,§¹PTPü,¹ÝÄÞ³Ë¬¸ºÞ¼Þ­³²ÁºÞ³¾Ý,,,
565,513244,566,§¹PTPü,¹ÝÄÞ³Ë¬¸ºÞ¼Þ­³²ÁºÞ³¾Ý,,,
566,513244,567,§¹PTPü,¹ÝÄÞ³Ë¬¸ºÞ¼Þ­³²ÁºÞ³¾Ý,,,
567,513244,568,§¹PTPü,¹ÝÄÞ³Ë¬¸ºÞ¼Þ­³²ÁºÞ³¾Ý,,,
568,513244,569,§¹PTPü,¹ÝÄÞ³Ë¬¸ºÞ¼Þ­³²ÁºÞ³¾Ý,,,
569,513244,570,§¹PTPü,¹ÝÄÞ³Ë¬¸ºÞ¼Þ­³²ÁºÞ³¾Ý,,,
570,513244,571,§¹PTPü,¹ÝÄÞ³Ë¬¸ºÞ¼Þ­³²ÁºÞ³¾Ý,À|Rz¹,±·»ÝÖ³ÄÞ³,
571,513244,572,§¹PTPü,¹ÝÄÞ³Ë¬¸ºÞ¼Þ­³²ÁºÞ³¾Ý,À|Rz¹,±·»ÝÖ³ÄÞ³,
572,513244,573,§¹PTPü,¹ÝÄÞ³Ë¬¸ºÞ¼Þ­³²ÁºÞ³¾Ý,,,
573,513244,574,§¹PTPü,¹ÝÄÞ³Ë¬¸ºÞ¼Þ­³²ÁºÞ³¾Ý,,,
574,513244,575,§¹PTPü,¹ÝÄÞ³Ë¬¸ºÞ¼Þ­³²ÁºÞ³¾Ý,,,
575,513244,576,§¹PTPü,¹ÝÄÞ³Ë¬¸ºÞ¼Þ­³²ÁºÞ³¾Ý,,,
576,513244,577,§¹QVSü,¹ÝÄÞ³ÆË¬¸ÅÅ¼Þ­³ÖÝºÞ³¾Ý,À|Rz¹,±·»ÝÖ³ÄÞ³,
577,513244,578,§¹PTPü,¹ÝÄÞ³Ë¬¸ºÞ¼Þ­³²ÁºÞ³¾Ý,,,
578,513244,579,§¹PVSü,¹ÝÄÞ³Ë¬¸ÅÅ¼Þ­³ÖÝºÞ³¾Ý,FìÕ¹,¸ÏÉ±ÄÐÁ,
579,513244,580,§¹QVSü,¹ÝÄÞ³ÆË¬¸ÅÅ¼Þ­³ÖÝºÞ³¾Ý,À|Rz¹,±·»ÝÖ³ÄÞ³,
580,513244,581,§¹QVSü,¹ÝÄÞ³ÆË¬¸ÅÅ¼Þ­³ÖÝºÞ³¾Ý,À|Rz¹,±·»ÝÖ³ÄÞ³,
581,513244,582,§¹QVSü,¹ÝÄÞ³ÆË¬¸ÅÅ¼Þ­³ÖÝºÞ³¾Ý,À|Rz¹,±·»ÝÖ³ÄÞ³,
582,513244,583,§¹QVSü,¹ÝÄÞ³ÆË¬¸ÅÅ¼Þ­³ÖÝºÞ³¾Ý,À|Rz¹,±·»ÝÖ³ÄÞ³,
583,513244,584,§¹QVTü,¹ÝÄÞ³ÆË¬¸ÅÅ¼Þ­³ºÞºÞ³¾Ý,,,
584,513244,585,§¹QVUü,¹ÝÄÞ³ÆË¬¸ÅÅ¼Þ­³Û¸ºÞ³¾Ý,,,
585,513244,586,§¹QVUü,¹ÝÄÞ³ÆË¬¸ÅÅ¼Þ­³Û¸ºÞ³¾Ý,,,
586,513244,587,§¹QVUü,¹ÝÄÞ³ÆË¬¸ÅÅ¼Þ­³Û¸ºÞ³¾Ý,,,
587,513244,588,§¹QVUü,¹ÝÄÞ³ÆË¬¸ÅÅ¼Þ­³Û¸ºÞ³¾Ý,,,
588,513244,589,§¹PTPü,¹ÝÄÞ³Ë¬¸ºÞ¼Þ­³²ÁºÞ³¾Ý,À|Rz¹,±·»ÝÖ³ÄÞ³,
589,513244,590,§¹PTPü,¹ÝÄÞ³Ë¬¸ºÞ¼Þ­³²ÁºÞ³¾Ý,À|Rz¹,±·»ÝÖ³ÄÞ³,
590,513244,591,§¹PTPü,¹ÝÄÞ³Ë¬¸ºÞ¼Þ­³²ÁºÞ³¾Ý,À|Rz¹,±·»ÝÖ³ÄÞ³,
591,513244,592,§¹QVSü,¹ÝÄÞ³ÆË¬¸ÅÅ¼Þ­³ÖÝºÞ³¾Ý,À|Rz¹,±·»ÝÖ³ÄÞ³,
592,513244,593,§¹QVSü,¹ÝÄÞ³ÆË¬¸ÅÅ¼Þ­³ÖÝºÞ³¾Ý,À|Rz¹,±·»ÝÖ³ÄÞ³,
593,513244,594,§¹PTPü,¹ÝÄÞ³Ë¬¸ºÞ¼Þ­³²ÁºÞ³¾Ý,À|Rz¹,±·»ÝÖ³ÄÞ³,
594,513244,595,§¹PTPü,¹ÝÄÞ³Ë¬¸ºÞ¼Þ­³²ÁºÞ³¾Ý,À|Rz¹,±·»ÝÖ³ÄÞ³,
595,513244,596,§¹QVSü,¹ÝÄÞ³ÆË¬¸ÅÅ¼Þ­³ÖÝºÞ³¾Ý,À|Rz¹,±·»ÝÖ³ÄÞ³,
596,513244,597,§¹QVSü,¹ÝÄÞ³ÆË¬¸ÅÅ¼Þ­³ÖÝºÞ³¾Ý,À|Rz¹,±·»ÝÖ³ÄÞ³,
597,513244,598,§¹QVSü,¹ÝÄÞ³ÆË¬¸ÅÅ¼Þ­³ÖÝºÞ³¾Ý,À|Rz¹,±·»ÝÖ³ÄÞ³,
598,513244,599,§¹QVSü,¹ÝÄÞ³ÆË¬¸ÅÅ¼Þ­³ÖÝºÞ³¾Ý,À|Rz¹,±·»ÝÖ³ÄÞ³,
599,513244,600,§¹QVSü,¹ÝÄÞ³ÆË¬¸ÅÅ¼Þ­³ÖÝºÞ³¾Ý,À|Rz¹,±·»ÝÖ³ÄÞ³,
600,513244,601,§¹QVSü,¹ÝÄÞ³ÆË¬¸ÅÅ¼Þ­³ÖÝºÞ³¾Ý,À|Rz¹,±·»ÝÖ³ÄÞ³,
601,513244,602,§¹QVSü,¹ÝÄÞ³ÆË¬¸ÅÅ¼Þ­³ÖÝºÞ³¾Ý,À|Rz¹,±·»ÝÖ³ÄÞ³,
602,513244,603,§¹QVSü,¹ÝÄÞ³ÆË¬¸ÅÅ¼Þ­³ÖÝºÞ³¾Ý,À|Rz¹,±·»ÝÖ³ÄÞ³,
603,513244,604,§¹QVSü,¹ÝÄÞ³ÆË¬¸ÅÅ¼Þ­³ÖÝºÞ³¾Ý,À|Rz¹,±·»ÝÖ³ÄÞ³,
604,513244,605,§¹QVSü,¹ÝÄÞ³ÆË¬¸ÅÅ¼Þ­³ÖÝºÞ³¾Ý,À|Rz¹,±·»ÝÖ³ÄÞ³,
605,513244,606,§¹QVSü,¹ÝÄÞ³ÆË¬¸ÅÅ¼Þ­³ÖÝºÞ³¾Ý,À|Rz¹,±·»ÝÖ³ÄÞ³,
606,513244,607,§¹QVSü,¹ÝÄÞ³ÆË¬¸ÅÅ¼Þ­³ÖÝºÞ³¾Ý,À|Rz¹,±·»ÝÖ³ÄÞ³,
607,513244,608,§¹QVSü,¹ÝÄÞ³ÆË¬¸ÅÅ¼Þ­³ÖÝºÞ³¾Ý,À|Rz¹,±·»ÝÖ³ÄÞ³,
608,513244,609,§¹QVSü,¹ÝÄÞ³ÆË¬¸ÅÅ¼Þ­³ÖÝºÞ³¾Ý,À|Rz¹,±·»ÝÖ³ÄÞ³,
609,513244,610,§¹QVSü,¹ÝÄÞ³ÆË¬¸ÅÅ¼Þ­³ÖÝºÞ³¾Ý,À|Rz¹,±·»ÝÖ³ÄÞ³,
610,513244,611,§¹QVSü,¹ÝÄÞ³ÆË¬¸ÅÅ¼Þ­³ÖÝºÞ³¾Ý,À|Rz¹,±·»ÝÖ³ÄÞ³,
611,513244,612,§¹QVSü,¹ÝÄÞ³ÆË¬¸ÅÅ¼Þ­³ÖÝºÞ³¾Ý,À|Rz¹,±·»ÝÖ³ÄÞ³,
612,513244,613,§¹QVSü,¹ÝÄÞ³ÆË¬¸ÅÅ¼Þ­³ÖÝºÞ³¾Ý,À|Rz¹,±·»ÝÖ³ÄÞ³,
613,513244,614,§¹QVSü,¹ÝÄÞ³ÆË¬¸ÅÅ¼Þ­³ÖÝºÞ³¾Ý,À|Rz¹,±·»ÝÖ³ÄÞ³,
614,513244,615,§¹QVSü,¹ÝÄÞ³ÆË¬¸ÅÅ¼Þ­³ÖÝºÞ³¾Ý,À|Rz¹,±·»ÝÖ³ÄÞ³,
615,513244,616,§¹QVSü,¹ÝÄÞ³ÆË¬¸ÅÅ¼Þ­³ÖÝºÞ³¾Ý,À|Rz¹,±·»ÝÖ³ÄÞ³,
616,513244,617,§¹QVSü,¹ÝÄÞ³ÆË¬¸ÅÅ¼Þ­³ÖÝºÞ³¾Ý,À|Rz¹,±·»ÝÖ³ÄÞ³,
617,513244,618,§¹QVSü,¹ÝÄÞ³ÆË¬¸ÅÅ¼Þ­³ÖÝºÞ³¾Ý,À|Rz¹,±·»ÝÖ³ÄÞ³,
618,513244,619,§¹QVSü,¹ÝÄÞ³ÆË¬¸ÅÅ¼Þ­³ÖÝºÞ³¾Ý,À|Rz¹,±·»ÝÖ³ÄÞ³,
619,513244,620,§¹QVSü,¹ÝÄÞ³ÆË¬¸ÅÅ¼Þ­³ÖÝºÞ³¾Ý,À|Rz¹,±·»ÝÖ³ÄÞ³,
620,513244,621,§¹QVSü,¹ÝÄÞ³ÆË¬¸ÅÅ¼Þ­³ÖÝºÞ³¾Ý,À|Rz¹,±·»ÝÖ³ÄÞ³,
621,513244,622,§¹PTPü,¹ÝÄÞ³Ë¬¸ºÞ¼Þ­³²ÁºÞ³¾Ý,,,
622,513244,623,§¹QVQü,¹ÝÄÞ³ÆË¬¸ÅÅ¼Þ­³ÆºÞ³¾Ý,,,
623,513244,624,§¹PVSü,¹ÝÄÞ³Ë¬¸ÅÅ¼Þ­³ÖÝºÞ³¾Ý,FìÕ¹,¸ÏÉ±ÄÐÁ,
624,513244,625,§¹PVSü,¹ÝÄÞ³Ë¬¸ÅÅ¼Þ­³ÖÝºÞ³¾Ý,FìÕ¹,¸ÏÉ±ÄÐÁ,
625,513244,626,§¹PVSü,¹ÝÄÞ³Ë¬¸ÅÅ¼Þ­³ÖÝºÞ³¾Ý,FìÕ¹,¸ÏÉ±ÄÐÁ,
626,513244,627,§¹PTPü,¹ÝÄÞ³Ë¬¸ºÞ¼Þ­³²ÁºÞ³¾Ý,,,
627,513244,628,§¹PTPü,¹ÝÄÞ³Ë¬¸ºÞ¼Þ­³²ÁºÞ³¾Ý,,,
628,513244,629,§¹PTQü,¹ÝÄÞ³Ë¬¸ºÞ¼Þ­³ÆºÞ³¾Ý,,,
629,513244,630,§¹PTQü,¹ÝÄÞ³Ë¬¸ºÞ¼Þ­³ÆºÞ³¾Ý,,,
630,513244,631,§¹QUSü,¹ÝÄÞ³ÆË¬¸Û¸¼Þ­³ÖÝºÞ³¾Ý,åàzÊè,µµÁºÞÄÞµØ,
631,513244,632,§¹PVSü,¹ÝÄÞ³Ë¬¸ÅÅ¼Þ­³ÖÝºÞ³¾Ý,FìÕ¹,¸ÏÉ±ÄÐÁ,
632,513244,633,§¹PVSü,¹ÝÄÞ³Ë¬¸ÅÅ¼Þ­³ÖÝºÞ³¾Ý,FìÕ¹,¸ÏÉ±ÄÐÁ,
633,513244,634,§¹QVSü,¹ÝÄÞ³ÆË¬¸ÅÅ¼Þ­³ÖÝºÞ³¾Ý,À|Rz¹,±·»ÝÖ³ÄÞ³,
634,513244,635,§¹QVSü,¹ÝÄÞ³ÆË¬¸ÅÅ¼Þ­³ÖÝºÞ³¾Ý,À|Rz¹,±·»ÝÖ³ÄÞ³,
635,513244,636,§¹QVSü,¹ÝÄÞ³ÆË¬¸ÅÅ¼Þ­³ÖÝºÞ³¾Ý,À|Rz¹,±·»ÝÖ³ÄÞ³,
636,513244,637,§¹PTQü,¹ÝÄÞ³Ë¬¸ºÞ¼Þ­³ÆºÞ³¾Ý,,,
637,513244,638,§¹PTQü,¹ÝÄÞ³Ë¬¸ºÞ¼Þ­³ÆºÞ³¾Ý,,,
638,513244,639,§¹QVQü,¹ÝÄÞ³ÆË¬¸ÅÅ¼Þ­³ÆºÞ³¾Ý,,,
639,513244,640,§¹PTPü,¹ÝÄÞ³Ë¬¸ºÞ¼Þ­³²ÁºÞ³¾Ý,,,
640,513244,641,§¹PUSü,¹ÝÄÞ³Ë¬¸Û¸¼Þ­³ÖÝºÞ³¾Ý,,,
641,513244,642,§¹PUSü,¹ÝÄÞ³Ë¬¸Û¸¼Þ­³ÖÝºÞ³¾Ý,,,
642,513244,643,§¹PUSü,¹ÝÄÞ³Ë¬¸Û¸¼Þ­³ÖÝºÞ³¾Ý,,,
643,513244,644,§¹QVUü,¹ÝÄÞ³ÆË¬¸ÅÅ¼Þ­³Û¸ºÞ³¾Ý,,,
644,513244,645,§¹PUSü,¹ÝÄÞ³Ë¬¸Û¸¼Þ­³ÖÝºÞ³¾Ý,,,
645,513244,646,§¹PUSü,¹ÝÄÞ³Ë¬¸Û¸¼Þ­³ÖÝºÞ³¾Ý,,,
646,513244,647,§¹PUSü,¹ÝÄÞ³Ë¬¸Û¸¼Þ­³ÖÝºÞ³¾Ý,,,
647,513244,648,§¹PUSü,¹ÝÄÞ³Ë¬¸Û¸¼Þ­³ÖÝºÞ³¾Ý,,,
648,513244,649,§¹PUSü,¹ÝÄÞ³Ë¬¸Û¸¼Þ­³ÖÝºÞ³¾Ý,,,
649,513244,650,§¹PUSü,¹ÝÄÞ³Ë¬¸Û¸¼Þ­³ÖÝºÞ³¾Ý,,,
650,513244,651,§¹PUSü,¹ÝÄÞ³Ë¬¸Û¸¼Þ­³ÖÝºÞ³¾Ý,,,
651,513244,652,§¹QVUü,¹ÝÄÞ³ÆË¬¸ÅÅ¼Þ­³Û¸ºÞ³¾Ý,,,
652,513244,653,§¹PXVü,¹ÝÄÞ³Ë¬¸·­³¼Þ­³ÅÅºÞ³¾Ý,,,
653,513244,654,§¹QVSü,¹ÝÄÞ³ÆË¬¸ÅÅ¼Þ­³ÖÝºÞ³¾Ý,,,
654,513244,655,§¹PTQü,¹ÝÄÞ³Ë¬¸ºÞ¼Þ­³ÆºÞ³¾Ý,·iÊè,Ç¸¼ÅÄÞµØ,
655,513244,656,§¹PVSü,¹ÝÄÞ³Ë¬¸ÅÅ¼Þ­³ÖÝºÞ³¾Ý,FìÕ¹,¸ÏÉ±ÄÐÁ,
656,513244,657,§¹PUSü,¹ÝÄÞ³Ë¬¸Û¸¼Þ­³ÖÝºÞ³¾Ý,,,
657,513244,658,§¹PUSü,¹ÝÄÞ³Ë¬¸Û¸¼Þ­³ÖÝºÞ³¾Ý,,,
658,513244,659,§¹PTQü,¹ÝÄÞ³Ë¬¸ºÞ¼Þ­³ÆºÞ³¾Ý,·iÊè,Ç¸¼ÅÄÞµØ,
659,513244,660,§¹PTQü,¹ÝÄÞ³Ë¬¸ºÞ¼Þ­³ÆºÞ³¾Ý,·iÊè,Ç¸¼ÅÄÞµØ,
660,513244,661,§¹PTQü,¹ÝÄÞ³Ë¬¸ºÞ¼Þ­³ÆºÞ³¾Ý,,,
661,513244,662,§¹QVQü,¹ÝÄÞ³ÆË¬¸ÅÅ¼Þ­³ÆºÞ³¾Ý,,,
662,513244,663,§¹PUSü,¹ÝÄÞ³Ë¬¸Û¸¼Þ­³ÖÝºÞ³¾Ý,,,
663,513244,664,§¹PUSü,¹ÝÄÞ³Ë¬¸Û¸¼Þ­³ÖÝºÞ³¾Ý,,,
664,513244,665,§¹PTQü,¹ÝÄÞ³Ë¬¸ºÞ¼Þ­³ÆºÞ³¾Ý,·iÊè,Ç¸¼ÅÄÞµØ,
665,513244,666,§¹QVSü,¹ÝÄÞ³ÆË¬¸ÅÅ¼Þ­³ÖÝºÞ³¾Ý,À|Rz¹,±·»ÝÖ³ÄÞ³,
666,513244,667,§¹QVSü,¹ÝÄÞ³ÆË¬¸ÅÅ¼Þ­³ÖÝºÞ³¾Ý,À|Rz¹,±·»ÝÖ³ÄÞ³,
667,513244,668,§¹QVSü,¹ÝÄÞ³ÆË¬¸ÅÅ¼Þ­³ÖÝºÞ³¾Ý,À|Rz¹,±·»ÝÖ³ÄÞ³,
668,513244,669,§¹QVSü,¹ÝÄÞ³ÆË¬¸ÅÅ¼Þ­³ÖÝºÞ³¾Ý,,,
669,513244,670,§¹PUSü,¹ÝÄÞ³Ë¬¸Û¸¼Þ­³ÖÝºÞ³¾Ý,,,
670,513244,671,§¹PUSü,¹ÝÄÞ³Ë¬¸Û¸¼Þ­³ÖÝºÞ³¾Ý,,,
671,513244,672,§¹PUSü,¹ÝÄÞ³Ë¬¸Û¸¼Þ­³ÖÝºÞ³¾Ý,,,
672,513244,673,§¹PVSü,¹ÝÄÞ³Ë¬¸ÅÅ¼Þ­³ÖÝºÞ³¾Ý,FìÕ¹,¸ÏÉ±ÄÐÁ,
673,513244,674,§¹PUSü,¹ÝÄÞ³Ë¬¸Û¸¼Þ­³ÖÝºÞ³¾Ý,,,
674,513244,675,§¹PUSü,¹ÝÄÞ³Ë¬¸Û¸¼Þ­³ÖÝºÞ³¾Ý,,,
675,513244,676,§¹QVUü,¹ÝÄÞ³ÆË¬¸ÅÅ¼Þ­³Û¸ºÞ³¾Ý,,,
676,513244,677,§¹PTQü,¹ÝÄÞ³Ë¬¸ºÞ¼Þ­³ÆºÞ³¾Ý,,,
677,513244,678,§¹QVUü,¹ÝÄÞ³ÆË¬¸ÅÅ¼Þ­³Û¸ºÞ³¾Ý,,,
678,513244,679,§¹QVUü,¹ÝÄÞ³ÆË¬¸ÅÅ¼Þ­³Û¸ºÞ³¾Ý,,,
679,513244,680,§¹QVQü,¹ÝÄÞ³ÆË¬¸ÅÅ¼Þ­³ÆºÞ³¾Ý,,,
680,513244,681,§¹QVQü,¹ÝÄÞ³ÆË¬¸ÅÅ¼Þ­³ÆºÞ³¾Ý,,,
681,513244,682,§¹PUSü,¹ÝÄÞ³Ë¬¸Û¸¼Þ­³ÖÝºÞ³¾Ý,,,
682,513244,683,§¹PUSü,¹ÝÄÞ³Ë¬¸Û¸¼Þ­³ÖÝºÞ³¾Ý,,,
683,513244,684,§¹PUSü,¹ÝÄÞ³Ë¬¸Û¸¼Þ­³ÖÝºÞ³¾Ý,,,
684,513244,685,§¹QVQü,¹ÝÄÞ³ÆË¬¸ÅÅ¼Þ­³ÆºÞ³¾Ý,,,
685,513244,686,§¹QVQü,¹ÝÄÞ³ÆË¬¸ÅÅ¼Þ­³ÆºÞ³¾Ý,,,
686,513244,687,§¹QVQü,¹ÝÄÞ³ÆË¬¸ÅÅ¼Þ­³ÆºÞ³¾Ý,,,
687,513244,688,§¹QVQü,¹ÝÄÞ³ÆË¬¸ÅÅ¼Þ­³ÆºÞ³¾Ý,,,
688,513244,689,§¹PTQü,¹ÝÄÞ³Ë¬¸ºÞ¼Þ­³ÆºÞ³¾Ý,·iÊè,Ç¸¼ÅÄÞµØ,
689,513244,690,§¹QUSü,¹ÝÄÞ³ÆË¬¸Û¸¼Þ­³ÖÝºÞ³¾Ý,åàzÊè,µµÁºÞÄÞµØ,
690,513244,691,§¹QUSü,¹ÝÄÞ³ÆË¬¸Û¸¼Þ­³ÖÝºÞ³¾Ý,åàzÊè,µµÁºÞÄÞµØ,
691,513244,692,§¹PTQü,¹ÝÄÞ³Ë¬¸ºÞ¼Þ­³ÆºÞ³¾Ý,·iÊè,Ç¸¼ÅÄÞµØ,
692,513244,693,§¹PTQü,¹ÝÄÞ³Ë¬¸ºÞ¼Þ­³ÆºÞ³¾Ý,·iÊè,Ç¸¼ÅÄÞµØ,
693,513244,694,§¹PUSü,¹ÝÄÞ³Ë¬¸Û¸¼Þ­³ÖÝºÞ³¾Ý,,,
694,513244,695,§¹PUSü,¹ÝÄÞ³Ë¬¸Û¸¼Þ­³ÖÝºÞ³¾Ý,,,
695,513244,696,§¹PUSü,¹ÝÄÞ³Ë¬¸Û¸¼Þ­³ÖÝºÞ³¾Ý,,,
696,513244,697,§¹PUSü,¹ÝÄÞ³Ë¬¸Û¸¼Þ­³ÖÝºÞ³¾Ý,,,
697,513244,698,§¹PUSü,¹ÝÄÞ³Ë¬¸Û¸¼Þ­³ÖÝºÞ³¾Ý,,,
698,513244,699,§¹PUSü,¹ÝÄÞ³Ë¬¸Û¸¼Þ­³ÖÝºÞ³¾Ý,,,
699,513244,700,§¹PUSü,¹ÝÄÞ³Ë¬¸Û¸¼Þ­³ÖÝºÞ³¾Ý,,,
700,513244,701,§¹QVSü,¹ÝÄÞ³ÆË¬¸ÅÅ¼Þ­³ÖÝºÞ³¾Ý,,,
701,513244,702,§¹QVSü,¹ÝÄÞ³ÆË¬¸ÅÅ¼Þ­³ÖÝºÞ³¾Ý,À|Rz¹,±·»ÝÖ³ÄÞ³,
702,513244,703,§¹QVSü,¹ÝÄÞ³ÆË¬¸ÅÅ¼Þ­³ÖÝºÞ³¾Ý,À|Rz¹,±·»ÝÖ³ÄÞ³,
703,513244,704,§¹PVSü,¹ÝÄÞ³Ë¬¸ÅÅ¼Þ­³ÖÝºÞ³¾Ý,FìÕ¹,¸ÏÉ±ÄÐÁ,
704,513244,705,§¹PVSü,¹ÝÄÞ³Ë¬¸ÅÅ¼Þ­³ÖÝºÞ³¾Ý,FìÕ¹,¸ÏÉ±ÄÐÁ,
705,513244,706,§¹PTQü,¹ÝÄÞ³Ë¬¸ºÞ¼Þ­³ÆºÞ³¾Ý,·iÊè,Ç¸¼ÅÄÞµØ,
706,513244,707,§¹QVQü,¹ÝÄÞ³ÆË¬¸ÅÅ¼Þ­³ÆºÞ³¾Ý,,,
707,513244,708,§¹PUSü,¹ÝÄÞ³Ë¬¸Û¸¼Þ­³ÖÝºÞ³¾Ý,,,
708,513244,709,§¹PUSü,¹ÝÄÞ³Ë¬¸Û¸¼Þ­³ÖÝºÞ³¾Ý,,,
709,513244,710,§¹PUSü,¹ÝÄÞ³Ë¬¸Û¸¼Þ­³ÖÝºÞ³¾Ý,,,
710,513244,711,§¹PTQü,¹ÝÄÞ³Ë¬¸ºÞ¼Þ­³ÆºÞ³¾Ý,,,
711,513244,712,§¹PTQü,¹ÝÄÞ³Ë¬¸ºÞ¼Þ­³ÆºÞ³¾Ý,,,
712,513244,713,§¹PTQü,¹ÝÄÞ³Ë¬¸ºÞ¼Þ­³ÆºÞ³¾Ý,,,
713,513244,714,§¹PTQü,¹ÝÄÞ³Ë¬¸ºÞ¼Þ­³ÆºÞ³¾Ý,,,
714,513244,715,§¹PUSü,¹ÝÄÞ³Ë¬¸Û¸¼Þ­³ÖÝºÞ³¾Ý,,,
715,513244,716,§¹PTPü,¹ÝÄÞ³Ë¬¸ºÞ¼Þ­³²ÁºÞ³¾Ý,,,
716,513244,717,§¹PTPü,¹ÝÄÞ³Ë¬¸ºÞ¼Þ­³²ÁºÞ³¾Ý,,,
717,513244,718,§¹PTPü,¹ÝÄÞ³Ë¬¸ºÞ¼Þ­³²ÁºÞ³¾Ý,,,
718,513244,719,§¹QVQü,¹ÝÄÞ³ÆË¬¸ÅÅ¼Þ­³ÆºÞ³¾Ý,,,
719,513244,720,§¹QVQü,¹ÝÄÞ³ÆË¬¸ÅÅ¼Þ­³ÆºÞ³¾Ý,,,
720,513244,721,§¹QVUü,¹ÝÄÞ³ÆË¬¸ÅÅ¼Þ­³Û¸ºÞ³¾Ý,,,
721,513244,722,§¹QVUü,¹ÝÄÞ³ÆË¬¸ÅÅ¼Þ­³Û¸ºÞ³¾Ý,,,
722,513244,723,§¹QVUü,¹ÝÄÞ³ÆË¬¸ÅÅ¼Þ­³Û¸ºÞ³¾Ý,,,
723,513244,724,§¹QVUü,¹ÝÄÞ³ÆË¬¸ÅÅ¼Þ­³Û¸ºÞ³¾Ý,,,
724,513244,725,§¹QVUü,¹ÝÄÞ³ÆË¬¸ÅÅ¼Þ­³Û¸ºÞ³¾Ý,,,
725,513244,726,§¹QVUü,¹ÝÄÞ³ÆË¬¸ÅÅ¼Þ­³Û¸ºÞ³¾Ý,,,
726,513244,727,§¹PUSü,¹ÝÄÞ³Ë¬¸Û¸¼Þ­³ÖÝºÞ³¾Ý,,,
727,513244,728,§¹PUSü,¹ÝÄÞ³Ë¬¸Û¸¼Þ­³ÖÝºÞ³¾Ý,,,
728,513244,729,§¹QVUü,¹ÝÄÞ³ÆË¬¸ÅÅ¼Þ­³Û¸ºÞ³¾Ý,,,
729,513244,730,§¹QVUü,¹ÝÄÞ³ÆË¬¸ÅÅ¼Þ­³Û¸ºÞ³¾Ý,,,
730,513244,731,§¹QVUü,¹ÝÄÞ³ÆË¬¸ÅÅ¼Þ­³Û¸ºÞ³¾Ý,,,
731,513244,732,§¹QVUü,¹ÝÄÞ³ÆË¬¸ÅÅ¼Þ­³Û¸ºÞ³¾Ý,,,
732,513244,733,§¹PUSü,¹ÝÄÞ³Ë¬¸Û¸¼Þ­³ÖÝºÞ³¾Ý,,,
733,513244,734,§¹PTQü,¹ÝÄÞ³Ë¬¸ºÞ¼Þ­³ÆºÞ³¾Ý,·iÊè,Ç¸¼ÅÄÞµØ,
734,513244,735,§¹PTQü,¹ÝÄÞ³Ë¬¸ºÞ¼Þ­³ÆºÞ³¾Ý,·iÊè,Ç¸¼ÅÄÞµØ,
735,513244,736,§¹PTQü,¹ÝÄÞ³Ë¬¸ºÞ¼Þ­³ÆºÞ³¾Ý,·iÊè,Ç¸¼ÅÄÞµØ,
736,513244,737,§¹PUSü,¹ÝÄÞ³Ë¬¸Û¸¼Þ­³ÖÝºÞ³¾Ý,,,
737,513244,738,§¹PUSü,¹ÝÄÞ³Ë¬¸Û¸¼Þ­³ÖÝºÞ³¾Ý,,,
738,513244,739,§¹PTQü,¹ÝÄÞ³Ë¬¸ºÞ¼Þ­³ÆºÞ³¾Ý,,,
739,513244,740,§¹PTQü,¹ÝÄÞ³Ë¬¸ºÞ¼Þ­³ÆºÞ³¾Ý,,,
740,513244,741,§¹PTQü,¹ÝÄÞ³Ë¬¸ºÞ¼Þ­³ÆºÞ³¾Ý,,,
741,513244,742,§¹PTQü,¹ÝÄÞ³Ë¬¸ºÞ¼Þ­³ÆºÞ³¾Ý,,,
742,513244,743,§¹PTQü,¹ÝÄÞ³Ë¬¸ºÞ¼Þ­³ÆºÞ³¾Ý,,,
743,513244,744,§¹PTQü,¹ÝÄÞ³Ë¬¸ºÞ¼Þ­³ÆºÞ³¾Ý,,,
744,513244,745,§¹PVSü,¹ÝÄÞ³Ë¬¸ÅÅ¼Þ­³ÖÝºÞ³¾Ý,FìÕ¹,¸ÏÉ±ÄÐÁ,
745,513244,746,§¹PVSü,¹ÝÄÞ³Ë¬¸ÅÅ¼Þ­³ÖÝºÞ³¾Ý,FìÕ¹,¸ÏÉ±ÄÐÁ,
746,513244,747,§¹PVSü,¹ÝÄÞ³Ë¬¸ÅÅ¼Þ­³ÖÝºÞ³¾Ý,FìÕ¹,¸ÏÉ±ÄÐÁ,
747,513244,748,§¹PVSü,¹ÝÄÞ³Ë¬¸ÅÅ¼Þ­³ÖÝºÞ³¾Ý,FìÕ¹,¸ÏÉ±ÄÐÁ,
748,513244,749,§¹PVSü,¹ÝÄÞ³Ë¬¸ÅÅ¼Þ­³ÖÝºÞ³¾Ý,FìÕ¹,¸ÏÉ±ÄÐÁ,
749,513244,750,§¹PVSü,¹ÝÄÞ³Ë¬¸ÅÅ¼Þ­³ÖÝºÞ³¾Ý,FìÕ¹,¸ÏÉ±ÄÐÁ,
750,513244,751,§¹PVSü,¹ÝÄÞ³Ë¬¸ÅÅ¼Þ­³ÖÝºÞ³¾Ý,FìÕ¹,¸ÏÉ±ÄÐÁ,
751,513244,752,§¹PVSü,¹ÝÄÞ³Ë¬¸ÅÅ¼Þ­³ÖÝºÞ³¾Ý,FìÕ¹,¸ÏÉ±ÄÐÁ,
752,513244,753,§¹PVSü,¹ÝÄÞ³Ë¬¸ÅÅ¼Þ­³ÖÝºÞ³¾Ý,FìÕ¹,¸ÏÉ±ÄÐÁ,
753,513244,754,§¹QVUü,¹ÝÄÞ³ÆË¬¸ÅÅ¼Þ­³Û¸ºÞ³¾Ý,,,
754,513244,755,§¹QVUü,¹ÝÄÞ³ÆË¬¸ÅÅ¼Þ­³Û¸ºÞ³¾Ý,,,
755,513244,756,§¹QVUü,¹ÝÄÞ³ÆË¬¸ÅÅ¼Þ­³Û¸ºÞ³¾Ý,,,
756,513244,757,§¹PVSü,¹ÝÄÞ³Ë¬¸ÅÅ¼Þ­³ÖÝºÞ³¾Ý,FìÕ¹,¸ÏÉ±ÄÐÁ,
757,513244,758,§¹PVSü,¹ÝÄÞ³Ë¬¸ÅÅ¼Þ­³ÖÝºÞ³¾Ý,FìÕ¹,¸ÏÉ±ÄÐÁ,
758,513244,759,§¹PVSü,¹ÝÄÞ³Ë¬¸ÅÅ¼Þ­³ÖÝºÞ³¾Ý,FìÕ¹,¸ÏÉ±ÄÐÁ,
759,513244,760,§¹PVSü,¹ÝÄÞ³Ë¬¸ÅÅ¼Þ­³ÖÝºÞ³¾Ý,FìÕ¹,¸ÏÉ±ÄÐÁ,
760,513244,761,§¹PVSü,¹ÝÄÞ³Ë¬¸ÅÅ¼Þ­³ÖÝºÞ³¾Ý,FìÕ¹,¸ÏÉ±ÄÐÁ,
761,513244,762,§¹PVSü,¹ÝÄÞ³Ë¬¸ÅÅ¼Þ­³ÖÝºÞ³¾Ý,FìÕ¹,¸ÏÉ±ÄÐÁ,
762,513244,763,§¹PVSü,¹ÝÄÞ³Ë¬¸ÅÅ¼Þ­³ÖÝºÞ³¾Ý,FìÕ¹,¸ÏÉ±ÄÐÁ,
763,513244,764,§¹PVSü,¹ÝÄÞ³Ë¬¸ÅÅ¼Þ­³ÖÝºÞ³¾Ý,FìÕ¹,¸ÏÉ±ÄÐÁ,
764,513244,765,§¹PVSü,¹ÝÄÞ³Ë¬¸ÅÅ¼Þ­³ÖÝºÞ³¾Ý,FìÕ¹,¸ÏÉ±ÄÐÁ,
765,513244,766,§¹PVSü,¹ÝÄÞ³Ë¬¸ÅÅ¼Þ­³ÖÝºÞ³¾Ý,FìÕ¹,¸ÏÉ±ÄÐÁ,
766,513244,767,§¹PVSü,¹ÝÄÞ³Ë¬¸ÅÅ¼Þ­³ÖÝºÞ³¾Ý,FìÕ¹,¸ÏÉ±ÄÐÁ,
767,513244,768,§¹PVSü,¹ÝÄÞ³Ë¬¸ÅÅ¼Þ­³ÖÝºÞ³¾Ý,FìÕ¹,¸ÏÉ±ÄÐÁ,
768,513244,769,§¹PVSü,¹ÝÄÞ³Ë¬¸ÅÅ¼Þ­³ÖÝºÞ³¾Ý,FìÕ¹,¸ÏÉ±ÄÐÁ,
769,513244,770,§¹PVSü,¹ÝÄÞ³Ë¬¸ÅÅ¼Þ­³ÖÝºÞ³¾Ý,FìÕ¹,¸ÏÉ±ÄÐÁ,
770,513244,771,§¹PVSü,¹ÝÄÞ³Ë¬¸ÅÅ¼Þ­³ÖÝºÞ³¾Ý,FìÕ¹,¸ÏÉ±ÄÐÁ,
771,513244,772,§¹QVUü,¹ÝÄÞ³ÆË¬¸ÅÅ¼Þ­³Û¸ºÞ³¾Ý,,,
772,513244,773,§¹QVUü,¹ÝÄÞ³ÆË¬¸ÅÅ¼Þ­³Û¸ºÞ³¾Ý,,,
773,513244,774,§¹QVTü,¹ÝÄÞ³ÆË¬¸ÅÅ¼Þ­³ºÞºÞ³¾Ý,,,
774,513244,775,§¹PVSü,¹ÝÄÞ³Ë¬¸ÅÅ¼Þ­³ÖÝºÞ³¾Ý,FìÕ¹,¸ÏÉ±ÄÐÁ,
775,513244,776,§¹PVSü,¹ÝÄÞ³Ë¬¸ÅÅ¼Þ­³ÖÝºÞ³¾Ý,FìÕ¹,¸ÏÉ±ÄÐÁ,
776,513244,777,§¹PVSü,¹ÝÄÞ³Ë¬¸ÅÅ¼Þ­³ÖÝºÞ³¾Ý,FìÕ¹,¸ÏÉ±ÄÐÁ,
777,513244,778,§¹PVSü,¹ÝÄÞ³Ë¬¸ÅÅ¼Þ­³ÖÝºÞ³¾Ý,FìÕ¹,¸ÏÉ±ÄÐÁ,
778,513244,779,§¹PVSü,¹ÝÄÞ³Ë¬¸ÅÅ¼Þ­³ÖÝºÞ³¾Ý,FìÕ¹,¸ÏÉ±ÄÐÁ,
779,513244,780,§¹PVSü,¹ÝÄÞ³Ë¬¸ÅÅ¼Þ­³ÖÝºÞ³¾Ý,FìÕ¹,¸ÏÉ±ÄÐÁ,
780,513244,781,§¹PVSü,¹ÝÄÞ³Ë¬¸ÅÅ¼Þ­³ÖÝºÞ³¾Ý,FìÕ¹,¸ÏÉ±ÄÐÁ,
781,513244,782,§¹PVSü,¹ÝÄÞ³Ë¬¸ÅÅ¼Þ­³ÖÝºÞ³¾Ý,FìÕ¹,¸ÏÉ±ÄÐÁ,
782,513244,783,§¹PVSü,¹ÝÄÞ³Ë¬¸ÅÅ¼Þ­³ÖÝºÞ³¾Ý,FìÕ¹,¸ÏÉ±ÄÐÁ,
783,513244,784,§¹PVSü,¹ÝÄÞ³Ë¬¸ÅÅ¼Þ­³ÖÝºÞ³¾Ý,FìÕ¹,¸ÏÉ±ÄÐÁ,
784,513244,785,§¹PVSü,¹ÝÄÞ³Ë¬¸ÅÅ¼Þ­³ÖÝºÞ³¾Ý,FìÕ¹,¸ÏÉ±ÄÐÁ,
785,513244,786,§¹PVSü,¹ÝÄÞ³Ë¬¸ÅÅ¼Þ­³ÖÝºÞ³¾Ý,FìÕ¹,¸ÏÉ±ÄÐÁ,
786,513244,787,§¹PVSü,¹ÝÄÞ³Ë¬¸ÅÅ¼Þ­³ÖÝºÞ³¾Ý,FìÕ¹,¸ÏÉ±ÄÐÁ,
787,513244,788,§¹PVSü,¹ÝÄÞ³Ë¬¸ÅÅ¼Þ­³ÖÝºÞ³¾Ý,FìÕ¹,¸ÏÉ±ÄÐÁ,
788,513244,789,§¹PVSü,¹ÝÄÞ³Ë¬¸ÅÅ¼Þ­³ÖÝºÞ³¾Ý,FìÕ¹,¸ÏÉ±ÄÐÁ,
789,513244,790,§¹PVSü,¹ÝÄÞ³Ë¬¸ÅÅ¼Þ­³ÖÝºÞ³¾Ý,FìÕ¹,¸ÏÉ±ÄÐÁ,
790,513244,791,§¹PVSü,¹ÝÄÞ³Ë¬¸ÅÅ¼Þ­³ÖÝºÞ³¾Ý,FìÕ¹,¸ÏÉ±ÄÐÁ,
791,513244,792,§¹PVSü,¹ÝÄÞ³Ë¬¸ÅÅ¼Þ­³ÖÝºÞ³¾Ý,FìÕ¹,¸ÏÉ±ÄÐÁ,
792,513244,793,§¹PVSü,¹ÝÄÞ³Ë¬¸ÅÅ¼Þ­³ÖÝºÞ³¾Ý,FìÕ¹,¸ÏÉ±ÄÐÁ,
793,513244,794,§¹PVSü,¹ÝÄÞ³Ë¬¸ÅÅ¼Þ­³ÖÝºÞ³¾Ý,FìÕ¹,¸ÏÉ±ÄÐÁ,
794,513244,795,§¹PVSü,¹ÝÄÞ³Ë¬¸ÅÅ¼Þ­³ÖÝºÞ³¾Ý,FìÕ¹,¸ÏÉ±ÄÐÁ,
795,513244,796,§¹PVSü,¹ÝÄÞ³Ë¬¸ÅÅ¼Þ­³ÖÝºÞ³¾Ý,FìÕ¹,¸ÏÉ±ÄÐÁ,
796,513244,797,§¹PVSü,¹ÝÄÞ³Ë¬¸ÅÅ¼Þ­³ÖÝºÞ³¾Ý,FìÕ¹,¸ÏÉ±ÄÐÁ,
797,513244,798,§¹PVSü,¹ÝÄÞ³Ë¬¸ÅÅ¼Þ­³ÖÝºÞ³¾Ý,FìÕ¹,¸ÏÉ±ÄÐÁ,
798,513244,799,§¹PVSü,¹ÝÄÞ³Ë¬¸ÅÅ¼Þ­³ÖÝºÞ³¾Ý,FìÕ¹,¸ÏÉ±ÄÐÁ,
799,513244,800,§¹PVSü,¹ÝÄÞ³Ë¬¸ÅÅ¼Þ­³ÖÝºÞ³¾Ý,FìÕ¹,¸ÏÉ±ÄÐÁ,
800,513244,801,§¹PVSü,¹ÝÄÞ³Ë¬¸ÅÅ¼Þ­³ÖÝºÞ³¾Ý,FìÕ¹,¸ÏÉ±ÄÐÁ,
801,513244,802,§¹PVSü,¹ÝÄÞ³Ë¬¸ÅÅ¼Þ­³ÖÝºÞ³¾Ý,FìÕ¹,¸ÏÉ±ÄÐÁ,
802,513244,803,§¹PVSü,¹ÝÄÞ³Ë¬¸ÅÅ¼Þ­³ÖÝºÞ³¾Ý,FìÕ¹,¸ÏÉ±ÄÐÁ,
803,513244,804,§¹PVSü,¹ÝÄÞ³Ë¬¸ÅÅ¼Þ­³ÖÝºÞ³¾Ý,FìÕ¹,¸ÏÉ±ÄÐÁ,
804,513244,805,§¹PVSü,¹ÝÄÞ³Ë¬¸ÅÅ¼Þ­³ÖÝºÞ³¾Ý,FìÕ¹,¸ÏÉ±ÄÐÁ,
805,513244,806,§¹PVSü,¹ÝÄÞ³Ë¬¸ÅÅ¼Þ­³ÖÝºÞ³¾Ý,FìÕ¹,¸ÏÉ±ÄÐÁ,
806,513244,807,§¹PVSü,¹ÝÄÞ³Ë¬¸ÅÅ¼Þ­³ÖÝºÞ³¾Ý,FìÕ¹,¸ÏÉ±ÄÐÁ,
807,513244,808,§¹PVSü,¹ÝÄÞ³Ë¬¸ÅÅ¼Þ­³ÖÝºÞ³¾Ý,FìÕ¹,¸ÏÉ±ÄÐÁ,
808,513244,809,§¹PVSü,¹ÝÄÞ³Ë¬¸ÅÅ¼Þ­³ÖÝºÞ³¾Ý,FìÕ¹,¸ÏÉ±ÄÐÁ,
809,513244,810,§¹PVSü,¹ÝÄÞ³Ë¬¸ÅÅ¼Þ­³ÖÝºÞ³¾Ý,FìÕ¹,¸ÏÉ±ÄÐÁ,
810,513244,811,§¹PVSü,¹ÝÄÞ³Ë¬¸ÅÅ¼Þ­³ÖÝºÞ³¾Ý,FìÕ¹,¸ÏÉ±ÄÐÁ,
811,513244,812,§¹PVSü,¹ÝÄÞ³Ë¬¸ÅÅ¼Þ­³ÖÝºÞ³¾Ý,FìÕ¹,¸ÏÉ±ÄÐÁ,
812,513244,813,§¹PVSü,¹ÝÄÞ³Ë¬¸ÅÅ¼Þ­³ÖÝºÞ³¾Ý,FìÕ¹,¸ÏÉ±ÄÐÁ,
813,513244,814,§¹PVSü,¹ÝÄÞ³Ë¬¸ÅÅ¼Þ­³ÖÝºÞ³¾Ý,FìÕ¹,¸ÏÉ±ÄÐÁ,
814,513244,815,§¹PVSü,¹ÝÄÞ³Ë¬¸ÅÅ¼Þ­³ÖÝºÞ³¾Ý,FìÕ¹,¸ÏÉ±ÄÐÁ,
815,513244,816,§¹PVSü,¹ÝÄÞ³Ë¬¸ÅÅ¼Þ­³ÖÝºÞ³¾Ý,FìÕ¹,¸ÏÉ±ÄÐÁ,
816,513244,817,§¹QVTü,¹ÝÄÞ³ÆË¬¸ÅÅ¼Þ­³ºÞºÞ³¾Ý,,,
817,513244,818,§¹QVUü,¹ÝÄÞ³ÆË¬¸ÅÅ¼Þ­³Û¸ºÞ³¾Ý,,,
818,513244,819,§¹QVUü,¹ÝÄÞ³ÆË¬¸ÅÅ¼Þ­³Û¸ºÞ³¾Ý,,,
819,513244,820,§¹PTPü,¹ÝÄÞ³Ë¬¸ºÞ¼Þ­³²ÁºÞ³¾Ý,,,
820,513244,821,§¹PTPü,¹ÝÄÞ³Ë¬¸ºÞ¼Þ­³²ÁºÞ³¾Ý,,,
821,513244,822,§¹PTPü,¹ÝÄÞ³Ë¬¸ºÞ¼Þ­³²ÁºÞ³¾Ý,,,
822,513244,823,§¹PTPü,¹ÝÄÞ³Ë¬¸ºÞ¼Þ­³²ÁºÞ³¾Ý,,,
823,513244,824,§¹PTPü,¹ÝÄÞ³Ë¬¸ºÞ¼Þ­³²ÁºÞ³¾Ý,,,
824,513244,825,§¹PUSü,¹ÝÄÞ³Ë¬¸Û¸¼Þ­³ÖÝºÞ³¾Ý,,,
825,513244,826,§¹PTPü,¹ÝÄÞ³Ë¬¸ºÞ¼Þ­³²ÁºÞ³¾Ý,,,
826,513244,827,§¹PTPü,¹ÝÄÞ³Ë¬¸ºÞ¼Þ­³²ÁºÞ³¾Ý,,,
827,513244,828,§¹QVUü,¹ÝÄÞ³ÆË¬¸ÅÅ¼Þ­³Û¸ºÞ³¾Ý,,,
828,513244,829,§¹PTPü,¹ÝÄÞ³Ë¬¸ºÞ¼Þ­³²ÁºÞ³¾Ý,,,
829,513244,830,§¹QVTü,¹ÝÄÞ³ÆË¬¸ÅÅ¼Þ­³ºÞºÞ³¾Ý,,,
830,513244,831,Ccå´,¶²ÀµµÊ¼,,,
831,513244,832,Ccå´,¶²ÀµµÊ¼,,,
832,513244,833,Ccå´,¶²ÀµµÊ¼,,,
833,513244,834,Ccå´,¶²ÀµµÊ¼,,,
834,513244,835,,,îìÀYüoCpX,ÔÉÔ½³×¾ÝÊÞ²Êß½,
835,513244,836,§¹PWVü,¹ÝÄÞ³Ë¬¸ÊÁ¼Þ­³ÅÅºÞ³¾Ý,,,
836,513244,837,,,îìÀYüoCpX,ÔÉÔ½³×¾ÝÊÞ²Êß½,
837,513244,838,§¹PWVü,¹ÝÄÞ³Ë¬¸ÊÁ¼Þ­³ÅÅºÞ³¾Ý,,,
838,513244,839,§¹PWVü,¹ÝÄÞ³Ë¬¸ÊÁ¼Þ­³ÅÅºÞ³¾Ý,,,
839,513244,840,§¹PWVü,¹ÝÄÞ³Ë¬¸ÊÁ¼Þ­³ÅÅºÞ³¾Ý,,,
840,513244,841,§¹PWVü,¹ÝÄÞ³Ë¬¸ÊÁ¼Þ­³ÅÅºÞ³¾Ý,,,
841,513244,842,§¹PWVü,¹ÝÄÞ³Ë¬¸ÊÁ¼Þ­³ÅÅºÞ³¾Ý,,,
842,513244,843,§¹PWVü,¹ÝÄÞ³Ë¬¸ÊÁ¼Þ­³ÅÅºÞ³¾Ý,,,
843,513244,844,§¹PWVü,¹ÝÄÞ³Ë¬¸ÊÁ¼Þ­³ÅÅºÞ³¾Ý,,,
844,513244,845,§¹PWVü,¹ÝÄÞ³Ë¬¸ÊÁ¼Þ­³ÅÅºÞ³¾Ý,,,
845,513244,846,§¹PWVü,¹ÝÄÞ³Ë¬¸ÊÁ¼Þ­³ÅÅºÞ³¾Ý,,,
846,513244,847,§¹PWVü,¹ÝÄÞ³Ë¬¸ÊÁ¼Þ­³ÅÅºÞ³¾Ý,,,
847,513244,848,§¹PWVü,¹ÝÄÞ³Ë¬¸ÊÁ¼Þ­³ÅÅºÞ³¾Ý,,,
848,513244,849,§¹PWVü,¹ÝÄÞ³Ë¬¸ÊÁ¼Þ­³ÅÅºÞ³¾Ý,,,
849,513244,850,§¹PWVü,¹ÝÄÞ³Ë¬¸ÊÁ¼Þ­³ÅÅºÞ³¾Ý,,,
850,513244,851,§¹PTPü,¹ÝÄÞ³Ë¬¸ºÞ¼Þ­³²ÁºÞ³¾Ý,,,
851,513244,852,§¹PTPü,¹ÝÄÞ³Ë¬¸ºÞ¼Þ­³²ÁºÞ³¾Ý,,,
852,513244,853,§¹QVUü,¹ÝÄÞ³ÆË¬¸ÅÅ¼Þ­³Û¸ºÞ³¾Ý,,,
853,513244,854,§¹PTPü,¹ÝÄÞ³Ë¬¸ºÞ¼Þ­³²ÁºÞ³¾Ý,,,
854,513244,855,§¹PTPü,¹ÝÄÞ³Ë¬¸ºÞ¼Þ­³²ÁºÞ³¾Ý,,,
855,513244,856,§¹PTPü,¹ÝÄÞ³Ë¬¸ºÞ¼Þ­³²ÁºÞ³¾Ý,,,
856,513244,857,§¹PTPü,¹ÝÄÞ³Ë¬¸ºÞ¼Þ­³²ÁºÞ³¾Ý,,,
857,513244,858,§¹QVUü,¹ÝÄÞ³ÆË¬¸ÅÅ¼Þ­³Û¸ºÞ³¾Ý,,,
858,513244,859,§¹PUSü,¹ÝÄÞ³Ë¬¸Û¸¼Þ­³ÖÝºÞ³¾Ý,,,
859,513244,860,L¬Pü,ËÛ¼Ïº³¿¸²ÁºÞ³¾Ý,,,
860,513244,861,¹RPü,º¸ÄÞ³»Ý¼Þ­³²ÁºÞ³¾Ý,,,
861,513244,862,§¹QVSü,¹ÝÄÞ³ÆË¬¸ÅÅ¼Þ­³ÖÝºÞ³¾Ý,À|Rz¹,±·»ÝÖ³ÄÞ³,
862,513244,863,L¬Pü,ËÛ¼Ïº³¿¸²ÁºÞ³¾Ý,,,
863,513244,864,§¹QVUü,¹ÝÄÞ³ÆË¬¸ÅÅ¼Þ­³Û¸ºÞ³¾Ý,,,
864,513244,865,L¬Pü,ËÛ¼Ïº³¿¸²ÁºÞ³¾Ý,,,
865,513244,866,¹RPü,º¸ÄÞ³»Ý¼Þ­³²ÁºÞ³¾Ý,,,
866,513244,867,¹Qü,º¸ÄÞ³ÆºÞ³¾Ý,,,
867,513244,868,L¬Pü,ËÛ¼Ïº³¿¸²ÁºÞ³¾Ý,,,
868,513244,869,¹RPü,º¸ÄÞ³»Ý¼Þ­³²ÁºÞ³¾Ý,,,
869,513244,870,¹Qü,º¸ÄÞ³ÆºÞ³¾Ý,,,
870,513244,871,¹RPü,º¸ÄÞ³»Ý¼Þ­³²ÁºÞ³¾Ý,,,
871,513244,872,¹Qü,º¸ÄÞ³ÆºÞ³¾Ý,,,
872,513244,873,¹RPü,º¸ÄÞ³»Ý¼Þ­³²ÁºÞ³¾Ý,,,
873,513244,874,¹Qü,º¸ÄÞ³ÆºÞ³¾Ý,,,
874,513244,875,¹Qü,º¸ÄÞ³ÆºÞ³¾Ý,,,
875,513244,876,¹Qü,º¸ÄÞ³ÆºÞ³¾Ý,,,
876,513244,877,§¹QVTü,¹ÝÄÞ³ÆË¬¸ÅÅ¼Þ­³ºÞºÞ³¾Ý,,,
877,513244,878,§¹QVTü,¹ÝÄÞ³ÆË¬¸ÅÅ¼Þ­³ºÞºÞ³¾Ý,,,
878,513244,879,¹Qü,º¸ÄÞ³ÆºÞ³¾Ý,,,
879,513244,880,§¹WUü,¹ÝÄÞ³ÊÁ¼Þ­³Û¸ºÞ³¾Ý,©àRÊè,º¶ÞÈÔÏÄÞµØ,
880,513244,881,¹Qü,º¸ÄÞ³ÆºÞ³¾Ý,,,
881,513244,882,§¹WUü,¹ÝÄÞ³ÊÁ¼Þ­³Û¸ºÞ³¾Ý,©àRÊè,º¶ÞÈÔÏÄÞµØ,
882,513244,883,§¹WUü,¹ÝÄÞ³ÊÁ¼Þ­³Û¸ºÞ³¾Ý,©àRÊè,º¶ÞÈÔÏÄÞµØ,
883,513244,884,§¹VOü,¹ÝÄÞ³ÅÅ¼Þ­³ºÞ³¾Ý,,,
884,513244,885,§¹QVUü,¹ÝÄÞ³ÆË¬¸ÅÅ¼Þ­³Û¸ºÞ³¾Ý,,,
885,513244,886,§¹VOü,¹ÝÄÞ³ÅÅ¼Þ­³ºÞ³¾Ý,,,
886,513244,887,¹Qü,º¸ÄÞ³ÆºÞ³¾Ý,,,
887,513244,888,§¹RSü,¹ÝÄÞ³»Ý¼Þ­³ÖÝºÞ³¾Ý,îìÀYüoCpX,ÔÉÔ½³×¾ÝÊÞ²Êß½,
888,513244,889,§¹QVUü,¹ÝÄÞ³ÆË¬¸ÅÅ¼Þ­³Û¸ºÞ³¾Ý,,,
889,513244,890,¹Qü,º¸ÄÞ³ÆºÞ³¾Ý,,,
890,513244,891,¹Qü,º¸ÄÞ³ÆºÞ³¾Ý,,,
891,513244,892,¹Qü,º¸ÄÞ³ÆºÞ³¾Ý,,,
892,513244,893,¹Qü,º¸ÄÞ³ÆºÞ³¾Ý,,,
893,513244,894,¹Qü,º¸ÄÞ³ÆºÞ³¾Ý,,,
894,513244,895,L¬Pü,ËÛ¼Ïº³¿¸²ÁºÞ³¾Ý,,,
895,513244,896,§¹QVUü,¹ÝÄÞ³ÆË¬¸ÅÅ¼Þ­³Û¸ºÞ³¾Ý,,,
896,513244,897,§¹QVUü,¹ÝÄÞ³ÆË¬¸ÅÅ¼Þ­³Û¸ºÞ³¾Ý,,,
897,513244,898,§¹QVUü,¹ÝÄÞ³ÆË¬¸ÅÅ¼Þ­³Û¸ºÞ³¾Ý,,,
898,513244,899,L¬Pü,ËÛ¼Ïº³¿¸²ÁºÞ³¾Ý,,,
899,513244,900,§¹QVUü,¹ÝÄÞ³ÆË¬¸ÅÅ¼Þ­³Û¸ºÞ³¾Ý,,,
900,513244,901,¹Qü,º¸ÄÞ³ÆºÞ³¾Ý,,,
901,513244,902,L¬Pü,ËÛ¼Ïº³¿¸²ÁºÞ³¾Ý,,,
902,513244,903,§¹QVUü,¹ÝÄÞ³ÆË¬¸ÅÅ¼Þ­³Û¸ºÞ³¾Ý,,,
903,513244,904,¹Qü,º¸ÄÞ³ÆºÞ³¾Ý,,,
904,513244,905,L¬Pü,ËÛ¼Ïº³¿¸²ÁºÞ³¾Ý,,,
905,513244,906,L¬Pü,ËÛ¼Ïº³¿¸²ÁºÞ³¾Ý,,,
906,513244,907,¹Qü,º¸ÄÞ³ÆºÞ³¾Ý,,,
907,513244,908,L¬Pü,ËÛ¼Ïº³¿¸²ÁºÞ³¾Ý,,,
908,513244,909,¹Qü,º¸ÄÞ³ÆºÞ³¾Ý,,,
909,513244,910,¹Qü,º¸ÄÞ³ÆºÞ³¾Ý,,,
910,513244,911,¹Qü,º¸ÄÞ³ÆºÞ³¾Ý,,,
911,513244,912,¹Qü,º¸ÄÞ³ÆºÞ³¾Ý,,,
912,513244,913,¹Qü,º¸ÄÞ³ÆºÞ³¾Ý,,,
913,513244,914,¹Qü,º¸ÄÞ³ÆºÞ³¾Ý,,,
914,513244,915,¹RPü,º¸ÄÞ³»Ý¼Þ­³²ÁºÞ³¾Ý,,,
915,513244,916,¹Qü,º¸ÄÞ³ÆºÞ³¾Ý,,,
916,513244,917,¹RPü,º¸ÄÞ³»Ý¼Þ­³²ÁºÞ³¾Ý,,,
917,513244,918,§¹WSü,¹ÝÄÞ³ÊÁ¼Þ­³ÖÝºÞ³¾Ý,,,
918,513244,919,¹RPü,º¸ÄÞ³»Ý¼Þ­³²ÁºÞ³¾Ý,,,
919,513244,920,§¹WSü,¹ÝÄÞ³ÊÁ¼Þ­³ÖÝºÞ³¾Ý,,,
920,513244,921,§¹PUSü,¹ÝÄÞ³Ë¬¸Û¸¼Þ­³ÖÝºÞ³¾Ý,,,
921,513244,922,§¹QVSü,¹ÝÄÞ³ÆË¬¸ÅÅ¼Þ­³ÖÝºÞ³¾Ý,À|Rz¹,±·»ÝÖ³ÄÞ³,
922,513244,923,§¹PUSü,¹ÝÄÞ³Ë¬¸Û¸¼Þ­³ÖÝºÞ³¾Ý,,,
923,513244,924,Là¹H,ËÛ¼Ï¸ÚÄÞ³Û,,,
924,513244,925,Là¹H,ËÛ¼Ï¸ÚÄÞ³Û,,,
925,513244,926,Là¹H,ËÛ¼Ï¸ÚÄÞ³Û,,,
926,513244,927,Là¹H,ËÛ¼Ï¸ÚÄÞ³Û,,,
927,513244,928,§¹QVUü,¹ÝÄÞ³ÆË¬¸ÅÅ¼Þ­³Û¸ºÞ³¾Ý,,,
928,513244,929,§¹QVUü,¹ÝÄÞ³ÆË¬¸ÅÅ¼Þ­³Û¸ºÞ³¾Ý,,,
929,513244,930,§¹RSü,¹ÝÄÞ³»Ý¼Þ­³ÖÝºÞ³¾Ý,îìÊè,ÔÉÄÞµØ,
930,513244,931,§¹RSü,¹ÝÄÞ³»Ý¼Þ­³ÖÝºÞ³¾Ý,îìÊè,ÔÉÄÞµØ,
931,513244,932,¹Qü,º¸ÄÞ³ÆºÞ³¾Ý,,,
932,513244,933,§¹QVUü,¹ÝÄÞ³ÆË¬¸ÅÅ¼Þ­³Û¸ºÞ³¾Ý,,,
933,513244,934,§¹PWVü,¹ÝÄÞ³Ë¬¸ÊÁ¼Þ­³ÅÅºÞ³¾Ý,,,
934,513244,935,§¹QVUü,¹ÝÄÞ³ÆË¬¸ÅÅ¼Þ­³Û¸ºÞ³¾Ý,,,
935,513244,936,§¹PUSü,¹ÝÄÞ³Ë¬¸Û¸¼Þ­³ÖÝºÞ³¾Ý,,,
936,513244,937,§¹PVSü,¹ÝÄÞ³Ë¬¸ÅÅ¼Þ­³ÖÝºÞ³¾Ý,FìÕ¹,¸ÏÉ±ÄÐÁ,
937,513244,938,§¹PVSü,¹ÝÄÞ³Ë¬¸ÅÅ¼Þ­³ÖÝºÞ³¾Ý,FìÕ¹,¸ÏÉ±ÄÐÁ,
938,513244,939,§¹PVSü,¹ÝÄÞ³Ë¬¸ÅÅ¼Þ­³ÖÝºÞ³¾Ý,FìÕ¹,¸ÏÉ±ÄÐÁ,
939,513244,940,§¹PVSü,¹ÝÄÞ³Ë¬¸ÅÅ¼Þ­³ÖÝºÞ³¾Ý,FìÕ¹,¸ÏÉ±ÄÐÁ,
940,513244,941,§¹WSü,¹ÝÄÞ³ÊÁ¼Þ­³ÖÝºÞ³¾Ý,,,
941,513244,942,§¹PVSü,¹ÝÄÞ³Ë¬¸ÅÅ¼Þ­³ÖÝºÞ³¾Ý,FìÕ¹,¸ÏÉ±ÄÐÁ,
942,513244,943,§¹PVSü,¹ÝÄÞ³Ë¬¸ÅÅ¼Þ­³ÖÝºÞ³¾Ý,FìÕ¹,¸ÏÉ±ÄÐÁ,
943,513244,944,§¹QVSü,¹ÝÄÞ³ÆË¬¸ÅÅ¼Þ­³ÖÝºÞ³¾Ý,À|Rz¹,±·»ÝÖ³ÄÞ³,
944,513244,945,§¹QVSü,¹ÝÄÞ³ÆË¬¸ÅÅ¼Þ­³ÖÝºÞ³¾Ý,À|Rz¹,±·»ÝÖ³ÄÞ³,
945,513244,946,§¹VOü,¹ÝÄÞ³ÅÅ¼Þ­³ºÞ³¾Ý,,,
946,513244,947,§¹QVSü,¹ÝÄÞ³ÆË¬¸ÅÅ¼Þ­³ÖÝºÞ³¾Ý,À|Rz¹,±·»ÝÖ³ÄÞ³,
947,513244,948,§¹PVSü,¹ÝÄÞ³Ë¬¸ÅÅ¼Þ­³ÖÝºÞ³¾Ý,FìÕ¹,¸ÏÉ±ÄÐÁ,
948,513244,949,§¹PTPü,¹ÝÄÞ³Ë¬¸ºÞ¼Þ­³²ÁºÞ³¾Ý,,,
949,513244,950,§¹QVSü,¹ÝÄÞ³ÆË¬¸ÅÅ¼Þ­³ÖÝºÞ³¾Ý,À|Rz¹,±·»ÝÖ³ÄÞ³,
950,513244,951,§¹PVSü,¹ÝÄÞ³Ë¬¸ÅÅ¼Þ­³ÖÝºÞ³¾Ý,FìÕ¹,¸ÏÉ±ÄÐÁ,
951,513244,952,§¹PTPü,¹ÝÄÞ³Ë¬¸ºÞ¼Þ­³²ÁºÞ³¾Ý,,,
952,513244,953,§¹QVSü,¹ÝÄÞ³ÆË¬¸ÅÅ¼Þ­³ÖÝºÞ³¾Ý,À|Rz¹,±·»ÝÖ³ÄÞ³,
953,513244,954,§¹QVSü,¹ÝÄÞ³ÆË¬¸ÅÅ¼Þ­³ÖÝºÞ³¾Ý,À|Rz¹,±·»ÝÖ³ÄÞ³,
954,513244,955,§¹QVSü,¹ÝÄÞ³ÆË¬¸ÅÅ¼Þ­³ÖÝºÞ³¾Ý,À|Rz¹,±·»ÝÖ³ÄÞ³,
955,513244,956,§¹QVSü,¹ÝÄÞ³ÆË¬¸ÅÅ¼Þ­³ÖÝºÞ³¾Ý,À|Rz¹,±·»ÝÖ³ÄÞ³,
956,513244,957,§¹RSü,¹ÝÄÞ³»Ý¼Þ­³ÖÝºÞ³¾Ý,îìÀYüoCpX,ÔÉÔ½³×¾ÝÊÞ²Êß½,
957,513244,958,§¹RSü,¹ÝÄÞ³»Ý¼Þ­³ÖÝºÞ³¾Ý,îìÀYüoCpX,ÔÉÔ½³×¾ÝÊÞ²Êß½,
958,513244,959,§¹QVTü,¹ÝÄÞ³ÆË¬¸ÅÅ¼Þ­³ºÞºÞ³¾Ý,,,
959,513244,960,§¹QVSü,¹ÝÄÞ³ÆË¬¸ÅÅ¼Þ­³ÖÝºÞ³¾Ý,À|Rz¹,±·»ÝÖ³ÄÞ³,
960,513244,961,§¹QVSü,¹ÝÄÞ³ÆË¬¸ÅÅ¼Þ­³ÖÝºÞ³¾Ý,À|Rz¹,±·»ÝÖ³ÄÞ³,
961,513244,962,§¹QVUü,¹ÝÄÞ³ÆË¬¸ÅÅ¼Þ­³Û¸ºÞ³¾Ý,,,
962,513244,963,§¹QVUü,¹ÝÄÞ³ÆË¬¸ÅÅ¼Þ­³Û¸ºÞ³¾Ý,,,
963,513244,964,§¹QVUü,¹ÝÄÞ³ÆË¬¸ÅÅ¼Þ­³Û¸ºÞ³¾Ý,,,
964,513244,965,§¹RSü,¹ÝÄÞ³»Ý¼Þ­³ÖÝºÞ³¾Ý,îìÀYüoCpX,ÔÉÔ½³×¾ÝÊÞ²Êß½,
965,513244,966,§¹RSü,¹ÝÄÞ³»Ý¼Þ­³ÖÝºÞ³¾Ý,îìÀYüoCpX,ÔÉÔ½³×¾ÝÊÞ²Êß½,
966,513244,967,§¹QVUü,¹ÝÄÞ³ÆË¬¸ÅÅ¼Þ­³Û¸ºÞ³¾Ý,,,
967,513244,968,§¹PTQü,¹ÝÄÞ³Ë¬¸ºÞ¼Þ­³ÆºÞ³¾Ý,·iÊè,Ç¸¼ÅÄÞµØ,
968,513244,969,§¹PTQü,¹ÝÄÞ³Ë¬¸ºÞ¼Þ­³ÆºÞ³¾Ý,·iÊè,Ç¸¼ÅÄÞµØ,
969,513244,970,§¹PTQü,¹ÝÄÞ³Ë¬¸ºÞ¼Þ­³ÆºÞ³¾Ý,·iÊè,Ç¸¼ÅÄÞµØ,
970,513244,971,§¹PTPü,¹ÝÄÞ³Ë¬¸ºÞ¼Þ­³²ÁºÞ³¾Ý,,,
971,513244,972,§¹WTü,¹ÝÄÞ³ÊÁ¼Þ­³ºÞºÞ³¾Ý,,,
972,513244,973,§¹PTPü,¹ÝÄÞ³Ë¬¸ºÞ¼Þ­³²ÁºÞ³¾Ý,,,
973,513244,974,§¹PTPü,¹ÝÄÞ³Ë¬¸ºÞ¼Þ­³²ÁºÞ³¾Ý,,,
974,513244,975,§¹QVUü,¹ÝÄÞ³ÆË¬¸ÅÅ¼Þ­³Û¸ºÞ³¾Ý,,,
975,513244,976,§¹RSü,¹ÝÄÞ³»Ý¼Þ­³ÖÝºÞ³¾Ý,îìÊè,ÔÉÄÞµØ,
976,513244,977,§¹QVUü,¹ÝÄÞ³ÆË¬¸ÅÅ¼Þ­³Û¸ºÞ³¾Ý,,,
977,513244,978,§¹RSü,¹ÝÄÞ³»Ý¼Þ­³ÖÝºÞ³¾Ý,îìÊè,ÔÉÄÞµØ,
978,513244,979,§¹PTQü,¹ÝÄÞ³Ë¬¸ºÞ¼Þ­³ÆºÞ³¾Ý,,,
979,513244,980,§¹QVUü,¹ÝÄÞ³ÆË¬¸ÅÅ¼Þ­³Û¸ºÞ³¾Ý,,,
980,513244,981,§¹PTPü,¹ÝÄÞ³Ë¬¸ºÞ¼Þ­³²ÁºÞ³¾Ý,,,
981,513244,982,§¹PTQü,¹ÝÄÞ³Ë¬¸ºÞ¼Þ­³ÆºÞ³¾Ý,,,
982,513244,983,§¹QVUü,¹ÝÄÞ³ÆË¬¸ÅÅ¼Þ­³Û¸ºÞ³¾Ý,,,
983,513244,984,§¹QVUü,¹ÝÄÞ³ÆË¬¸ÅÅ¼Þ­³Û¸ºÞ³¾Ý,,,
984,513244,985,§¹QVQü,¹ÝÄÞ³ÆË¬¸ÅÅ¼Þ­³ÆºÞ³¾Ý,,,
985,513244,986,§¹QVUü,¹ÝÄÞ³ÆË¬¸ÅÅ¼Þ­³Û¸ºÞ³¾Ý,,,
986,513244,987,§¹PTPü,¹ÝÄÞ³Ë¬¸ºÞ¼Þ­³²ÁºÞ³¾Ý,,,
987,513244,988,§¹PTPü,¹ÝÄÞ³Ë¬¸ºÞ¼Þ­³²ÁºÞ³¾Ý,,,
988,513244,989,§¹QVUü,¹ÝÄÞ³ÆË¬¸ÅÅ¼Þ­³Û¸ºÞ³¾Ý,,,
989,513244,990,¹Qü,º¸ÄÞ³ÆºÞ³¾Ý,,,
990,513244,991,¹Qü,º¸ÄÞ³ÆºÞ³¾Ý,,,
991,513244,992,§¹QVUü,¹ÝÄÞ³ÆË¬¸ÅÅ¼Þ­³Û¸ºÞ³¾Ý,,,
992,513244,993,§¹WSü,¹ÝÄÞ³ÊÁ¼Þ­³ÖÝºÞ³¾Ý, ¯ÚÌÊè,±¹ÎÞÉÄÞµØ,
993,513244,994,§¹WSü,¹ÝÄÞ³ÊÁ¼Þ­³ÖÝºÞ³¾Ý,,,
994,513244,995,§¹QVUü,¹ÝÄÞ³ÆË¬¸ÅÅ¼Þ­³Û¸ºÞ³¾Ý,,,
995,513244,996,§¹WSü,¹ÝÄÞ³ÊÁ¼Þ­³ÖÝºÞ³¾Ý,,,
996,513244,997,§¹QVUü,¹ÝÄÞ³ÆË¬¸ÅÅ¼Þ­³Û¸ºÞ³¾Ý,,,
997,513244,998,§¹QVUü,¹ÝÄÞ³ÆË¬¸ÅÅ¼Þ­³Û¸ºÞ³¾Ý,,,
998,513244,999,§¹PTPü,¹ÝÄÞ³Ë¬¸ºÞ¼Þ­³²ÁºÞ³¾Ý,,,
999,513244,1000,§¹QVUü,¹ÝÄÞ³ÆË¬¸ÅÅ¼Þ­³Û¸ºÞ³¾Ý,,,
1000,513244,1001,§¹RSü,¹ÝÄÞ³»Ý¼Þ­³ÖÝºÞ³¾Ý,,,
1001,513244,1002,§¹QVQü,¹ÝÄÞ³ÆË¬¸ÅÅ¼Þ­³ÆºÞ³¾Ý,,,
1002,513244,1003,§¹QVQü,¹ÝÄÞ³ÆË¬¸ÅÅ¼Þ­³ÆºÞ³¾Ý,,,
1003,513244,1004,¹Qü,º¸ÄÞ³ÆºÞ³¾Ý,,,
1004,513244,1005,§¹PUSü,¹ÝÄÞ³Ë¬¸Û¸¼Þ­³ÖÝºÞ³¾Ý,,,
1005,513244,1006,§¹PUSü,¹ÝÄÞ³Ë¬¸Û¸¼Þ­³ÖÝºÞ³¾Ý,,,
1006,513244,1007,§¹PUSü,¹ÝÄÞ³Ë¬¸Û¸¼Þ­³ÖÝºÞ³¾Ý,,,
1007,513244,1008,§¹QVUü,¹ÝÄÞ³ÆË¬¸ÅÅ¼Þ­³Û¸ºÞ³¾Ý,,,
1008,513244,1009,§¹QVUü,¹ÝÄÞ³ÆË¬¸ÅÅ¼Þ­³Û¸ºÞ³¾Ý,,,
1009,513244,1010,§¹WUü,¹ÝÄÞ³ÊÁ¼Þ­³Û¸ºÞ³¾Ý,©àRÊè,º¶ÞÈÔÏÄÞµØ,
1010,513244,1011,§¹PUSü,¹ÝÄÞ³Ë¬¸Û¸¼Þ­³ÖÝºÞ³¾Ý,,,
1011,513244,1012,§¹PUSü,¹ÝÄÞ³Ë¬¸Û¸¼Þ­³ÖÝºÞ³¾Ý,,,
1012,513244,1013,§¹QVUü,¹ÝÄÞ³ÆË¬¸ÅÅ¼Þ­³Û¸ºÞ³¾Ý,,,
1013,513244,1014,§¹QVSü,¹ÝÄÞ³ÆË¬¸ÅÅ¼Þ­³ÖÝºÞ³¾Ý,,,
1014,513244,1015,§¹QVSü,¹ÝÄÞ³ÆË¬¸ÅÅ¼Þ­³ÖÝºÞ³¾Ý,,,
1015,513244,1016,§¹VOü,¹ÝÄÞ³ÅÅ¼Þ­³ºÞ³¾Ý,·iÊè,Ç¸¼ÅÄÞµØ,
1016,513244,1017,§¹VOü,¹ÝÄÞ³ÅÅ¼Þ­³ºÞ³¾Ý,·iÊè,Ç¸¼ÅÄÞµØ,
1017,513244,1018,§¹RSü,¹ÝÄÞ³»Ý¼Þ­³ÖÝºÞ³¾Ý,,,
1018,513244,1019,§¹PTPü,¹ÝÄÞ³Ë¬¸ºÞ¼Þ­³²ÁºÞ³¾Ý,,,
1019,513244,1020,§¹RSü,¹ÝÄÞ³»Ý¼Þ­³ÖÝºÞ³¾Ý,îìÊè,ÔÉÄÞµØ,
1020,513244,1021,§¹RSü,¹ÝÄÞ³»Ý¼Þ­³ÖÝºÞ³¾Ý,îìÊè,ÔÉÄÞµØ,
1021,513244,1022,¹RPü,º¸ÄÞ³»Ý¼Þ­³²ÁºÞ³¾Ý,,,
1022,513244,1023,¹RPü,º¸ÄÞ³»Ý¼Þ­³²ÁºÞ³¾Ý,,,
1023,513244,1024,§¹WUü,¹ÝÄÞ³ÊÁ¼Þ­³Û¸ºÞ³¾Ý,©àRÊè,º¶ÞÈÔÏÄÞµØ,
1024,513244,1025,§¹VOü,¹ÝÄÞ³ÅÅ¼Þ­³ºÞ³¾Ý,·iÊè,Ç¸¼ÅÄÞµØ,
1025,513244,1026,§¹WUü,¹ÝÄÞ³ÊÁ¼Þ­³Û¸ºÞ³¾Ý,©àRÊè,º¶ÞÈÔÏÄÞµØ,
1026,513244,1027,§¹VOü,¹ÝÄÞ³ÅÅ¼Þ­³ºÞ³¾Ý,·iÊè,Ç¸¼ÅÄÞµØ,
1027,513244,1028,§¹QVUü,¹ÝÄÞ³ÆË¬¸ÅÅ¼Þ­³Û¸ºÞ³¾Ý,,,
1028,513244,1029,§¹QVUü,¹ÝÄÞ³ÆË¬¸ÅÅ¼Þ­³Û¸ºÞ³¾Ý,,,
1029,513244,1030,§¹WSü,¹ÝÄÞ³ÊÁ¼Þ­³ÖÝºÞ³¾Ý,,,
1030,513244,1031,§¹QVUü,¹ÝÄÞ³ÆË¬¸ÅÅ¼Þ­³Û¸ºÞ³¾Ý,,,
1031,513244,1032,§¹WSü,¹ÝÄÞ³ÊÁ¼Þ­³ÖÝºÞ³¾Ý,,,
1032,513244,1033,§¹QVUü,¹ÝÄÞ³ÆË¬¸ÅÅ¼Þ­³Û¸ºÞ³¾Ý,,,
1033,513244,1034,§¹WSü,¹ÝÄÞ³ÊÁ¼Þ­³ÖÝºÞ³¾Ý,,,
1034,513244,1035,§¹WSü,¹ÝÄÞ³ÊÁ¼Þ­³ÖÝºÞ³¾Ý,,,
1035,513244,1036,L¬Pü,ËÛ¼Ïº³¿¸²ÁºÞ³¾Ý,,,
1036,513244,1037,§¹RSü,¹ÝÄÞ³»Ý¼Þ­³ÖÝºÞ³¾Ý,,,
1037,513244,1038,§¹QVTü,¹ÝÄÞ³ÆË¬¸ÅÅ¼Þ­³ºÞºÞ³¾Ý,,,
1038,513244,1039,§¹PUSü,¹ÝÄÞ³Ë¬¸Û¸¼Þ­³ÖÝºÞ³¾Ý,,,
1039,513244,1040,§¹RSü,¹ÝÄÞ³»Ý¼Þ­³ÖÝºÞ³¾Ý,,,
1040,513244,1041,§¹QVTü,¹ÝÄÞ³ÆË¬¸ÅÅ¼Þ­³ºÞºÞ³¾Ý,,,
1041,513244,1042,§¹QVTü,¹ÝÄÞ³ÆË¬¸ÅÅ¼Þ­³ºÞºÞ³¾Ý,,,
1042,513244,1043,§¹QVTü,¹ÝÄÞ³ÆË¬¸ÅÅ¼Þ­³ºÞºÞ³¾Ý,,,
1043,513244,1044,§¹QVSü,¹ÝÄÞ³ÆË¬¸ÅÅ¼Þ­³ÖÝºÞ³¾Ý,À|Rz¹,±·»ÝÖ³ÄÞ³,
1044,513244,1045,¹RPü,º¸ÄÞ³»Ý¼Þ­³²ÁºÞ³¾Ý,,,
1045,513244,1046,¹RPü,º¸ÄÞ³»Ý¼Þ­³²ÁºÞ³¾Ý,,,
1046,513244,1047,§¹PXWü,¹ÝÄÞ³Ë¬¸·­³¼Þ­³ÊÁºÞ³¾Ý,,,
1047,513244,1048,§¹PVSü,¹ÝÄÞ³Ë¬¸ÅÅ¼Þ­³ÖÝºÞ³¾Ý,FìÕ¹,¸ÏÉ±ÄÐÁ,
1048,513244,1049,§¹PXWü,¹ÝÄÞ³Ë¬¸·­³¼Þ­³ÊÁºÞ³¾Ý,,,
1049,513244,1050,¹Qü,º¸ÄÞ³ÆºÞ³¾Ý,,,
1050,513244,1051,§¹QVSü,¹ÝÄÞ³ÆË¬¸ÅÅ¼Þ­³ÖÝºÞ³¾Ý,À|Rz¹,±·»ÝÖ³ÄÞ³,
1051,513244,1052,§¹QVSü,¹ÝÄÞ³ÆË¬¸ÅÅ¼Þ­³ÖÝºÞ³¾Ý,À|Rz¹,±·»ÝÖ³ÄÞ³,
1052,513244,1053,§¹WUü,¹ÝÄÞ³ÊÁ¼Þ­³Û¸ºÞ³¾Ý,©àRÊè,º¶ÞÈÔÏÄÞµØ,
1053,513244,1054,§¹WTü,¹ÝÄÞ³ÊÁ¼Þ­³ºÞºÞ³¾Ý,,,
1054,513244,1055,§¹WTü,¹ÝÄÞ³ÊÁ¼Þ­³ºÞºÞ³¾Ý,,,
1055,513244,1056,§¹QVSü,¹ÝÄÞ³ÆË¬¸ÅÅ¼Þ­³ÖÝºÞ³¾Ý,À|Rz¹,±·»ÝÖ³ÄÞ³,
1056,513244,1057,¹Qü,º¸ÄÞ³ÆºÞ³¾Ý,LoCpX,Ë¶Þ¼ËÛ¼ÏÊÞ²Êß½,
1057,513244,1058,¹Qü,º¸ÄÞ³ÆºÞ³¾Ý,LoCpX,Ë¶Þ¼ËÛ¼ÏÊÞ²Êß½,
1058,513244,1059,§¹PTQü,¹ÝÄÞ³Ë¬¸ºÞ¼Þ­³ÆºÞ³¾Ý,,,
1059,513244,1060,§¹PTQü,¹ÝÄÞ³Ë¬¸ºÞ¼Þ­³ÆºÞ³¾Ý,,,
1060,513244,1061,¹Qü,º¸ÄÞ³ÆºÞ³¾Ý,LoCpX,Ë¶Þ¼ËÛ¼ÏÊÞ²Êß½,
1061,513244,1062,§¹WSü,¹ÝÄÞ³ÊÁ¼Þ­³ÖÝºÞ³¾Ý,,,
1062,513244,1063,§¹PWVü,¹ÝÄÞ³Ë¬¸ÊÁ¼Þ­³ÅÅºÞ³¾Ý,,,
1063,513244,1064,§¹WSü,¹ÝÄÞ³ÊÁ¼Þ­³ÖÝºÞ³¾Ý,,,
1064,513244,1065,¹Qü,º¸ÄÞ³ÆºÞ³¾Ý,LoCpX,Ë¶Þ¼ËÛ¼ÏÊÞ²Êß½,
1065,513244,1066,§¹PWVü,¹ÝÄÞ³Ë¬¸ÊÁ¼Þ­³ÅÅºÞ³¾Ý,,,
1066,513244,1067,¹Qü,º¸ÄÞ³ÆºÞ³¾Ý,LoCpX,Ë¶Þ¼ËÛ¼ÏÊÞ²Êß½,
1067,513244,1068,§¹PVSü,¹ÝÄÞ³Ë¬¸ÅÅ¼Þ­³ÖÝºÞ³¾Ý,FìÕ¹,¸ÏÉ±ÄÐÁ,
1068,513244,1069,¹Qü,º¸ÄÞ³ÆºÞ³¾Ý,LoCpX,Ë¶Þ¼ËÛ¼ÏÊÞ²Êß½,
1069,513244,1070,§¹PWVü,¹ÝÄÞ³Ë¬¸ÊÁ¼Þ­³ÅÅºÞ³¾Ý,,,
1070,513244,1071,§¹QVUü,¹ÝÄÞ³ÆË¬¸ÅÅ¼Þ­³Û¸ºÞ³¾Ý,,,
1071,513244,1072,§¹PWVü,¹ÝÄÞ³Ë¬¸ÊÁ¼Þ­³ÅÅºÞ³¾Ý,,,
1072,513244,1073,§¹WTü,¹ÝÄÞ³ÊÁ¼Þ­³ºÞºÞ³¾Ý,,,
1073,513244,1074,§¹WTü,¹ÝÄÞ³ÊÁ¼Þ­³ºÞºÞ³¾Ý,,,
1074,513244,1075,§¹WUü,¹ÝÄÞ³ÊÁ¼Þ­³Û¸ºÞ³¾Ý,©àRÊè,º¶ÞÈÔÏÄÞµØ,
1075,513244,1076,§¹PUSü,¹ÝÄÞ³Ë¬¸Û¸¼Þ­³ÖÝºÞ³¾Ý,,,
1076,513244,1077,§¹PUSü,¹ÝÄÞ³Ë¬¸Û¸¼Þ­³ÖÝºÞ³¾Ý,,,
1077,513244,1078,§¹WSü,¹ÝÄÞ³ÊÁ¼Þ­³ÖÝºÞ³¾Ý,,,
1078,513244,1079,§¹WSü,¹ÝÄÞ³ÊÁ¼Þ­³ÖÝºÞ³¾Ý,,,
1079,513244,1080,§¹WTü,¹ÝÄÞ³ÊÁ¼Þ­³ºÞºÞ³¾Ý,,,
1080,513244,1081,§¹WTü,¹ÝÄÞ³ÊÁ¼Þ­³ºÞºÞ³¾Ý,,,
1081,513244,1082,¹RPü,º¸ÄÞ³»Ý¼Þ­³²ÁºÞ³¾Ý,,,
1082,513244,1083,¹RPü,º¸ÄÞ³»Ý¼Þ­³²ÁºÞ³¾Ý,,,
1083,513244,1084,§¹WSü,¹ÝÄÞ³ÊÁ¼Þ­³ÖÝºÞ³¾Ý,,,
1084,513244,1085,§¹WSü,¹ÝÄÞ³ÊÁ¼Þ­³ÖÝºÞ³¾Ý,,,
1085,513244,1086,§¹WSü,¹ÝÄÞ³ÊÁ¼Þ­³ÖÝºÞ³¾Ý,,,
1086,513244,1087,§¹PVSü,¹ÝÄÞ³Ë¬¸ÅÅ¼Þ­³ÖÝºÞ³¾Ý,FìÕ¹,¸ÏÉ±ÄÐÁ,
1087,513244,1088,§¹PVSü,¹ÝÄÞ³Ë¬¸ÅÅ¼Þ­³ÖÝºÞ³¾Ý,FìÕ¹,¸ÏÉ±ÄÐÁ,
1088,513244,1089,§¹PVSü,¹ÝÄÞ³Ë¬¸ÅÅ¼Þ­³ÖÝºÞ³¾Ý,FìÕ¹,¸ÏÉ±ÄÐÁ,
1089,513244,1090,§¹PVSü,¹ÝÄÞ³Ë¬¸ÅÅ¼Þ­³ÖÝºÞ³¾Ý,FìÕ¹,¸ÏÉ±ÄÐÁ,
1090,513244,1091,§¹PVSü,¹ÝÄÞ³Ë¬¸ÅÅ¼Þ­³ÖÝºÞ³¾Ý,FìÕ¹,¸ÏÉ±ÄÐÁ,
1091,513244,1092,§¹PVSü,¹ÝÄÞ³Ë¬¸ÅÅ¼Þ­³ÖÝºÞ³¾Ý,FìÕ¹,¸ÏÉ±ÄÐÁ,
1092,513244,1093,§¹PVSü,¹ÝÄÞ³Ë¬¸ÅÅ¼Þ­³ÖÝºÞ³¾Ý,FìÕ¹,¸ÏÉ±ÄÐÁ,
1093,513244,1094,§¹QVUü,¹ÝÄÞ³ÆË¬¸ÅÅ¼Þ­³Û¸ºÞ³¾Ý,,,
1094,513244,1095,§¹QVUü,¹ÝÄÞ³ÆË¬¸ÅÅ¼Þ­³Û¸ºÞ³¾Ý,,,
1095,513244,1096,§¹QVUü,¹ÝÄÞ³ÆË¬¸ÅÅ¼Þ­³Û¸ºÞ³¾Ý,,,
1096,513244,1097,§¹QVUü,¹ÝÄÞ³ÆË¬¸ÅÅ¼Þ­³Û¸ºÞ³¾Ý,,,
1097,513244,1098,§¹RSü,¹ÝÄÞ³»Ý¼Þ­³ÖÝºÞ³¾Ý,îìÀYüoCpX,ÔÉÔ½³×¾ÝÊÞ²Êß½,
1098,513244,1099,§¹RSü,¹ÝÄÞ³»Ý¼Þ­³ÖÝºÞ³¾Ý,îìÀYüoCpX,ÔÉÔ½³×¾ÝÊÞ²Êß½,
1099,513244,1100,¹RPü,º¸ÄÞ³»Ý¼Þ­³²ÁºÞ³¾Ý,,,
1100,513244,1101,¹RPü,º¸ÄÞ³»Ý¼Þ­³²ÁºÞ³¾Ý,,,
1101,513244,1102,§¹PTPü,¹ÝÄÞ³Ë¬¸ºÞ¼Þ­³²ÁºÞ³¾Ý,À|Rz¹,±·»ÝÖ³ÄÞ³,
1102,513244,1103,¹RPü,º¸ÄÞ³»Ý¼Þ­³²ÁºÞ³¾Ý,,,
1103,513244,1104,¹RPü,º¸ÄÞ³»Ý¼Þ­³²ÁºÞ³¾Ý,,,
1104,513244,1105,§¹PUSü,¹ÝÄÞ³Ë¬¸Û¸¼Þ­³ÖÝºÞ³¾Ý,,,
1105,513244,1106,§¹QVUü,¹ÝÄÞ³ÆË¬¸ÅÅ¼Þ­³Û¸ºÞ³¾Ý,,,
1106,513244,1107,§¹VOü,¹ÝÄÞ³ÅÅ¼Þ­³ºÞ³¾Ý,·iÊè,Ç¸¼ÅÄÞµØ,
1107,513244,1108,§¹PUSü,¹ÝÄÞ³Ë¬¸Û¸¼Þ­³ÖÝºÞ³¾Ý,,,
1108,513244,1109,§¹PTQü,¹ÝÄÞ³Ë¬¸ºÞ¼Þ­³ÆºÞ³¾Ý,·iÊè,Ç¸¼ÅÄÞµØ,
1109,513244,1110,§¹QVUü,¹ÝÄÞ³ÆË¬¸ÅÅ¼Þ­³Û¸ºÞ³¾Ý,,,
1110,513244,1111,¹RPü,º¸ÄÞ³»Ý¼Þ­³²ÁºÞ³¾Ý,,,
1111,513244,1112,¹RPü,º¸ÄÞ³»Ý¼Þ­³²ÁºÞ³¾Ý,,,
1112,513244,1113,§¹VOü,¹ÝÄÞ³ÅÅ¼Þ­³ºÞ³¾Ý,,,
1113,513244,1114,§¹VOü,¹ÝÄÞ³ÅÅ¼Þ­³ºÞ³¾Ý,,,
1114,513244,1115,¹Qü,º¸ÄÞ³ÆºÞ³¾Ý,,,
1115,513244,1116,¹Qü,º¸ÄÞ³ÆºÞ³¾Ý,,,
1116,513244,1117,§¹PTPü,¹ÝÄÞ³Ë¬¸ºÞ¼Þ­³²ÁºÞ³¾Ý,,,
1117,513244,1118,¹Qü,º¸ÄÞ³ÆºÞ³¾Ý,LoCpX,Ë¶Þ¼ËÛ¼ÏÊÞ²Êß½,
1118,513244,1119,L¬Tü,ËÛ¼Ïº³¿¸ºÞºÞ³¾Ý,,,
1119,513244,1120,§¹PTQü,¹ÝÄÞ³Ë¬¸ºÞ¼Þ­³ÆºÞ³¾Ý,,,
1120,513244,1121,§¹PTQü,¹ÝÄÞ³Ë¬¸ºÞ¼Þ­³ÆºÞ³¾Ý,·iÊè,Ç¸¼ÅÄÞµØ,
1121,513244,1122,§¹WTü,¹ÝÄÞ³ÊÁ¼Þ­³ºÞºÞ³¾Ý,,,
1122,513244,1123,L¬Pü,ËÛ¼Ïº³¿¸²ÁºÞ³¾Ý,,,
1123,513244,1124,§¹WTü,¹ÝÄÞ³ÊÁ¼Þ­³ºÞºÞ³¾Ý,,,
1124,513244,1125,Là¹H,ËÛ¼Ï¸ÚÄÞ³Û,,,
1125,513244,1126,§¹RSü,¹ÝÄÞ³»Ý¼Þ­³ÖÝºÞ³¾Ý,,,
1126,513244,1127,¹RPü,º¸ÄÞ³»Ý¼Þ­³²ÁºÞ³¾Ý,,,
1127,513244,1128,¹RPü,º¸ÄÞ³»Ý¼Þ­³²ÁºÞ³¾Ý,,,
1128,513244,1129,§¹RSü,¹ÝÄÞ³»Ý¼Þ­³ÖÝºÞ³¾Ý,,,
1129,513244,1130,§¹RSü,¹ÝÄÞ³»Ý¼Þ­³ÖÝºÞ³¾Ý,,,
1130,513244,1131,Ccå´,¶²ÀµµÊ¼,,,
1131,513244,1132,Ccå´,¶²ÀµµÊ¼,,,
1132,513244,1133,Ccå´,¶²ÀµµÊ¼,,,
1133,513244,1134,Ccå´,¶²ÀµµÊ¼,,,
1134,513244,1135,§¹QVUü,¹ÝÄÞ³ÆË¬¸ÅÅ¼Þ­³Û¸ºÞ³¾Ý,,,
1135,513244,1136,§¹QVUü,¹ÝÄÞ³ÆË¬¸ÅÅ¼Þ­³Û¸ºÞ³¾Ý,,,
1136,513244,1137,§¹QVUü,¹ÝÄÞ³ÆË¬¸ÅÅ¼Þ­³Û¸ºÞ³¾Ý,,,
1137,513244,1138,¹Qü,º¸ÄÞ³ÆºÞ³¾Ý,,,
1138,513244,1139,¹RPü,º¸ÄÞ³»Ý¼Þ­³²ÁºÞ³¾Ý,,,
1139,513244,1140,¹Qü,º¸ÄÞ³ÆºÞ³¾Ý,,,
1140,513244,1141,¹Qü,º¸ÄÞ³ÆºÞ³¾Ý,,,
1141,513244,1142,¹Qü,º¸ÄÞ³ÆºÞ³¾Ý,,,
1142,513244,1143,¹Qü,º¸ÄÞ³ÆºÞ³¾Ý,,,
1143,513244,1144,§¹PUSü,¹ÝÄÞ³Ë¬¸Û¸¼Þ­³ÖÝºÞ³¾Ý,,,
1144,513244,1145,¹Qü,º¸ÄÞ³ÆºÞ³¾Ý,,,
1145,513244,1146,¹Qü,º¸ÄÞ³ÆºÞ³¾Ý,,,
1146,513244,1147,§¹QVUü,¹ÝÄÞ³ÆË¬¸ÅÅ¼Þ­³Û¸ºÞ³¾Ý,,,
1147,513244,1148,¹Qü,º¸ÄÞ³ÆºÞ³¾Ý,LoCpX,Ë¶Þ¼ËÛ¼ÏÊÞ²Êß½,
1148,513244,1149,¹Qü,º¸ÄÞ³ÆºÞ³¾Ý,LoCpX,Ë¶Þ¼ËÛ¼ÏÊÞ²Êß½,
1149,513244,1150,L¬Qü,ËÛ¼Ïº³¿¸ÆºÞ³¾Ý,,,
1150,513244,1151,¹Qü,º¸ÄÞ³ÆºÞ³¾Ý,LoCpX,Ë¶Þ¼ËÛ¼ÏÊÞ²Êß½,
1151,513244,1152,¹Qü,º¸ÄÞ³ÆºÞ³¾Ý,LoCpX,Ë¶Þ¼ËÛ¼ÏÊÞ²Êß½,
1152,513244,1153,§¹WSü,¹ÝÄÞ³ÊÁ¼Þ­³ÖÝºÞ³¾Ý,,,
1153,513244,1154,§¹WSü,¹ÝÄÞ³ÊÁ¼Þ­³ÖÝºÞ³¾Ý,,,
1154,513244,1155,¹Qü,º¸ÄÞ³ÆºÞ³¾Ý,,,
1155,513244,1156,¹Qü,º¸ÄÞ³ÆºÞ³¾Ý,LoCpX,Ë¶Þ¼ËÛ¼ÏÊÞ²Êß½,
1156,513244,1157,§¹QVSü,¹ÝÄÞ³ÆË¬¸ÅÅ¼Þ­³ÖÝºÞ³¾Ý,À|Rz¹,±·»ÝÖ³ÄÞ³,
1157,513244,1158,L¬Tü,ËÛ¼Ïº³¿¸ºÞºÞ³¾Ý,,,
1158,513244,1159,L¬Pü,ËÛ¼Ïº³¿¸²ÁºÞ³¾Ý,,,
1159,513244,1160,¹Qü,º¸ÄÞ³ÆºÞ³¾Ý,,,
1160,513244,1161,§¹PTQü,¹ÝÄÞ³Ë¬¸ºÞ¼Þ­³ÆºÞ³¾Ý,,,
1161,513244,1162,L¬Pü,ËÛ¼Ïº³¿¸²ÁºÞ³¾Ý,,,
1162,513244,1163,§¹WTü,¹ÝÄÞ³ÊÁ¼Þ­³ºÞºÞ³¾Ý,,,
1163,513244,1164,§¹PTQü,¹ÝÄÞ³Ë¬¸ºÞ¼Þ­³ÆºÞ³¾Ý,,,
1164,513244,1165,L¬Pü,ËÛ¼Ïº³¿¸²ÁºÞ³¾Ý,,,
1165,513244,1166,Là¹H,ËÛ¼Ï¸ÚÄÞ³Û,,,
1166,513244,1167,§¹QVTü,¹ÝÄÞ³ÆË¬¸ÅÅ¼Þ­³ºÞºÞ³¾Ý,,,
1167,513244,1168,§¹RSü,¹ÝÄÞ³»Ý¼Þ­³ÖÝºÞ³¾Ý,,,
1168,513244,1169,§¹RSü,¹ÝÄÞ³»Ý¼Þ­³ÖÝºÞ³¾Ý,,,
1169,513244,1170,¹RPü,º¸ÄÞ³»Ý¼Þ­³²ÁºÞ³¾Ý,,,
1170,513244,1171,§¹RSü,¹ÝÄÞ³»Ý¼Þ­³ÖÝºÞ³¾Ý,,,
1171,513244,1172,¹RPü,º¸ÄÞ³»Ý¼Þ­³²ÁºÞ³¾Ý,,,
1172,513244,1173,§¹RSü,¹ÝÄÞ³»Ý¼Þ­³ÖÝºÞ³¾Ý,,,
1173,513244,1174,§¹RSü,¹ÝÄÞ³»Ý¼Þ­³ÖÝºÞ³¾Ý,,,
1174,513244,1175,L¬Rü,ËÛ¼Ïº³¿¸»ÝºÞ³¾Ý,,,
1175,513244,1176,Ccå´,¶²ÀµµÊ¼,,,
1176,513244,1177,§¹WUü,¹ÝÄÞ³ÊÁ¼Þ­³Û¸ºÞ³¾Ý,©àRÊè,º¶ÞÈÔÏÄÞµØ,
1177,513244,1178,L¬Qü,ËÛ¼Ïº³¿¸ÆºÞ³¾Ý,,,
1178,513244,1179,§¹QVUü,¹ÝÄÞ³ÆË¬¸ÅÅ¼Þ­³Û¸ºÞ³¾Ý,,,
1179,513244,1180,§¹QVUü,¹ÝÄÞ³ÆË¬¸ÅÅ¼Þ­³Û¸ºÞ³¾Ý,,,
1180,513244,1181,¹RPü,º¸ÄÞ³»Ý¼Þ­³²ÁºÞ³¾Ý,,,
1181,513244,1182,¹RPü,º¸ÄÞ³»Ý¼Þ­³²ÁºÞ³¾Ý,,,
1182,513244,1183,§¹WUü,¹ÝÄÞ³ÊÁ¼Þ­³Û¸ºÞ³¾Ý,©àRÊè,º¶ÞÈÔÏÄÞµØ,
1183,513244,1184,¹Qü,º¸ÄÞ³ÆºÞ³¾Ý,,,
1184,513244,1185,¹Qü,º¸ÄÞ³ÆºÞ³¾Ý,,,
1185,513244,1186,¹Qü,º¸ÄÞ³ÆºÞ³¾Ý,,,
1186,513244,1187,§¹PUSü,¹ÝÄÞ³Ë¬¸Û¸¼Þ­³ÖÝºÞ³¾Ý,,,
1187,513244,1188,¹Qü,º¸ÄÞ³ÆºÞ³¾Ý,LoCpX,Ë¶Þ¼ËÛ¼ÏÊÞ²Êß½,
1188,513244,1189,¹Qü,º¸ÄÞ³ÆºÞ³¾Ý,,,
1189,513244,1190,§¹QVUü,¹ÝÄÞ³ÆË¬¸ÅÅ¼Þ­³Û¸ºÞ³¾Ý,,,
1190,513244,1191,¹Qü,º¸ÄÞ³ÆºÞ³¾Ý,LoCpX,Ë¶Þ¼ËÛ¼ÏÊÞ²Êß½,
1191,513244,1192,§¹PUSü,¹ÝÄÞ³Ë¬¸Û¸¼Þ­³ÖÝºÞ³¾Ý,åBÊè,µµ½ÄÞµØ,
1192,513244,1193,§¹WSü,¹ÝÄÞ³ÊÁ¼Þ­³ÖÝºÞ³¾Ý,,,
1193,513244,1194,§¹WSü,¹ÝÄÞ³ÊÁ¼Þ­³ÖÝºÞ³¾Ý,,,
1194,513244,1195,¹Qü,º¸ÄÞ³ÆºÞ³¾Ý,LoCpX,Ë¶Þ¼ËÛ¼ÏÊÞ²Êß½,
1195,513244,1196,§¹VOü,¹ÝÄÞ³ÅÅ¼Þ­³ºÞ³¾Ý,,,
1196,513244,1197,§¹WTü,¹ÝÄÞ³ÊÁ¼Þ­³ºÞºÞ³¾Ý,,,
1197,513244,1198,¹Qü,º¸ÄÞ³ÆºÞ³¾Ý,,,
1198,513244,1199,§¹QVSü,¹ÝÄÞ³ÆË¬¸ÅÅ¼Þ­³ÖÝºÞ³¾Ý,À|Rz¹,±·»ÝÖ³ÄÞ³,
1199,513244,1200,§¹QVSü,¹ÝÄÞ³ÆË¬¸ÅÅ¼Þ­³ÖÝºÞ³¾Ý,À|Rz¹,±·»ÝÖ³ÄÞ³,
1200,513244,1201,¹Qü,º¸ÄÞ³ÆºÞ³¾Ý,,,
1201,513244,1202,L¬Tü,ËÛ¼Ïº³¿¸ºÞºÞ³¾Ý,,,
1202,513244,1203,L¬Pü,ËÛ¼Ïº³¿¸²ÁºÞ³¾Ý,,,
1203,513244,1204,¹Qü,º¸ÄÞ³ÆºÞ³¾Ý,LoCpX,Ë¶Þ¼ËÛ¼ÏÊÞ²Êß½,
1204,513244,1205,§¹PTQü,¹ÝÄÞ³Ë¬¸ºÞ¼Þ­³ÆºÞ³¾Ý,,,
1205,513244,1206,Là¹H,ËÛ¼Ï¸ÚÄÞ³Û,,,
1206,513244,1207,§¹RSü,¹ÝÄÞ³»Ý¼Þ­³ÖÝºÞ³¾Ý,,,
1207,513244,1208,§¹RSü,¹ÝÄÞ³»Ý¼Þ­³ÖÝºÞ³¾Ý,,,
1208,513244,1209,¹RPü,º¸ÄÞ³»Ý¼Þ­³²ÁºÞ³¾Ý,,,
1209,513244,1210,§¹RSü,¹ÝÄÞ³»Ý¼Þ­³ÖÝºÞ³¾Ý,,,
1210,513244,1211,§¹RSü,¹ÝÄÞ³»Ý¼Þ­³ÖÝºÞ³¾Ý,îìÊè,ÔÉÄÞµØ,
1211,513244,1212,L¬Rü,ËÛ¼Ïº³¿¸»ÝºÞ³¾Ý,,,
1212,513244,1213,Ccå´,¶²ÀµµÊ¼,,,
1213,513244,1214,L¬Qü,ËÛ¼Ïº³¿¸ÆºÞ³¾Ý,,,
1214,513244,1215,§¹QVUü,¹ÝÄÞ³ÆË¬¸ÅÅ¼Þ­³Û¸ºÞ³¾Ý,,,
1215,513244,1216,¹RPü,º¸ÄÞ³»Ý¼Þ­³²ÁºÞ³¾Ý,,,
1216,513244,1217,§¹WUü,¹ÝÄÞ³ÊÁ¼Þ­³Û¸ºÞ³¾Ý,©àRÊè,º¶ÞÈÔÏÄÞµØ,
1217,513244,1218,¹Qü,º¸ÄÞ³ÆºÞ³¾Ý,,,
1218,513244,1219,§¹QVUü,¹ÝÄÞ³ÆË¬¸ÅÅ¼Þ­³Û¸ºÞ³¾Ý,,,
1219,513244,1220,¹Qü,º¸ÄÞ³ÆºÞ³¾Ý,,,
1220,513244,1221,¹Qü,º¸ÄÞ³ÆºÞ³¾Ý,LoCpX,Ë¶Þ¼ËÛ¼ÏÊÞ²Êß½,
1221,513244,1222,¹Qü,º¸ÄÞ³ÆºÞ³¾Ý,,,
1222,513244,1223,L¬Qü,ËÛ¼Ïº³¿¸ÆºÞ³¾Ý,,,
1223,513244,1224,§¹QVUü,¹ÝÄÞ³ÆË¬¸ÅÅ¼Þ­³Û¸ºÞ³¾Ý,,,
1224,513244,1225,L¬Qü,ËÛ¼Ïº³¿¸ÆºÞ³¾Ý,,,
1225,513244,1226,¹Qü,º¸ÄÞ³ÆºÞ³¾Ý,LoCpX,Ë¶Þ¼ËÛ¼ÏÊÞ²Êß½,
1226,513244,1227,¹Qü,º¸ÄÞ³ÆºÞ³¾Ý,LoCpX,Ë¶Þ¼ËÛ¼ÏÊÞ²Êß½,
1227,513244,1228,¹Qü,º¸ÄÞ³ÆºÞ³¾Ý,LoCpX,Ë¶Þ¼ËÛ¼ÏÊÞ²Êß½,
1228,513244,1229,§¹VOü,¹ÝÄÞ³ÅÅ¼Þ­³ºÞ³¾Ý,,,
1229,513244,1230,§¹WTü,¹ÝÄÞ³ÊÁ¼Þ­³ºÞºÞ³¾Ý,,,
1230,513244,1231,¹Qü,º¸ÄÞ³ÆºÞ³¾Ý,,,
1231,513244,1232,§¹QVSü,¹ÝÄÞ³ÆË¬¸ÅÅ¼Þ­³ÖÝºÞ³¾Ý,À|Rz¹,±·»ÝÖ³ÄÞ³,
1232,513244,1233,¹Qü,º¸ÄÞ³ÆºÞ³¾Ý,,,
1233,513244,1234,§¹VOü,¹ÝÄÞ³ÅÅ¼Þ­³ºÞ³¾Ý,,,
1234,513244,1235,L¬Tü,ËÛ¼Ïº³¿¸ºÞºÞ³¾Ý,,,
1235,513244,1236,¹Qü,º¸ÄÞ³ÆºÞ³¾Ý,LoCpX,Ë¶Þ¼ËÛ¼ÏÊÞ²Êß½,
1236,513244,1237,¹Qü,º¸ÄÞ³ÆºÞ³¾Ý,,,
1237,513244,1238,§¹RSü,¹ÝÄÞ³»Ý¼Þ­³ÖÝºÞ³¾Ý,îìÊè,ÔÉÄÞµØ,
1238,513244,1239,L¬Qü,ËÛ¼Ïº³¿¸ÆºÞ³¾Ý,,,
1239,513244,1240,Ccå´,¶²ÀµµÊ¼,,,
1240,513244,1241,§¹QVUü,¹ÝÄÞ³ÆË¬¸ÅÅ¼Þ­³Û¸ºÞ³¾Ý,,,
1241,513244,1242,L¬Qü,ËÛ¼Ïº³¿¸ÆºÞ³¾Ý,,,
1242,513244,1243,L¬Qü,ËÛ¼Ïº³¿¸ÆºÞ³¾Ý,,,
1243,513244,1244,§¹QVUü,¹ÝÄÞ³ÆË¬¸ÅÅ¼Þ­³Û¸ºÞ³¾Ý,,,
1244,513244,1245,¹Qü,º¸ÄÞ³ÆºÞ³¾Ý,LoCpX,Ë¶Þ¼ËÛ¼ÏÊÞ²Êß½,
1245,513244,1246,§¹PTPü,¹ÝÄÞ³Ë¬¸ºÞ¼Þ­³²ÁºÞ³¾Ý,,,
1246,513244,1247,§¹WSü,¹ÝÄÞ³ÊÁ¼Þ­³ÖÝºÞ³¾Ý,,,
1247,513244,1248,¹Qü,º¸ÄÞ³ÆºÞ³¾Ý,LoCpX,Ë¶Þ¼ËÛ¼ÏÊÞ²Êß½,
1248,513244,1249,¹Qü,º¸ÄÞ³ÆºÞ³¾Ý,LoCpX,Ë¶Þ¼ËÛ¼ÏÊÞ²Êß½,
1249,513244,1250,¹Qü,º¸ÄÞ³ÆºÞ³¾Ý,LoCpX,Ë¶Þ¼ËÛ¼ÏÊÞ²Êß½,
1250,513244,1251,§¹PTPü,¹ÝÄÞ³Ë¬¸ºÞ¼Þ­³²ÁºÞ³¾Ý,,,
1251,513244,1252,§¹WSü,¹ÝÄÞ³ÊÁ¼Þ­³ÖÝºÞ³¾Ý,,,
1252,513244,1253,¹Qü,º¸ÄÞ³ÆºÞ³¾Ý,,,
1253,513244,1254,L¬Qü,ËÛ¼Ïº³¿¸ÆºÞ³¾Ý,,,
1254,513244,1255,§¹PTQü,¹ÝÄÞ³Ë¬¸ºÞ¼Þ­³ÆºÞ³¾Ý,,,
1255,513244,1256,§¹QVSü,¹ÝÄÞ³ÆË¬¸ÅÅ¼Þ­³ÖÝºÞ³¾Ý,À|Rz¹,±·»ÝÖ³ÄÞ³,
1256,513244,1257,¹Qü,º¸ÄÞ³ÆºÞ³¾Ý,,,
1257,513244,1258,¹Qü,º¸ÄÞ³ÆºÞ³¾Ý,,,
1258,513244,1259,§¹VOü,¹ÝÄÞ³ÅÅ¼Þ­³ºÞ³¾Ý,,,
1259,513244,1260,¹Qü,º¸ÄÞ³ÆºÞ³¾Ý,LoCpX,Ë¶Þ¼ËÛ¼ÏÊÞ²Êß½,
1260,513244,1261,¹RPü,º¸ÄÞ³»Ý¼Þ­³²ÁºÞ³¾Ý,,,
1261,513244,1262,§¹PVSü,¹ÝÄÞ³Ë¬¸ÅÅ¼Þ­³ÖÝºÞ³¾Ý,,,
1262,513244,1263,Ccå´,¶²ÀµµÊ¼,,,
1263,513244,1264,¹RPü,º¸ÄÞ³»Ý¼Þ­³²ÁºÞ³¾Ý,,,
1264,513244,1265,§¹PXVü,¹ÝÄÞ³Ë¬¸·­³¼Þ­³ÅÅºÞ³¾Ý,,,
1265,513244,1266,L¬Qü,ËÛ¼Ïº³¿¸ÆºÞ³¾Ý,,,
1266,513244,1267,§¹PTPü,¹ÝÄÞ³Ë¬¸ºÞ¼Þ­³²ÁºÞ³¾Ý,,,
1267,513244,1268,§¹WSü,¹ÝÄÞ³ÊÁ¼Þ­³ÖÝºÞ³¾Ý,,,
1268,513244,1269,§¹PTPü,¹ÝÄÞ³Ë¬¸ºÞ¼Þ­³²ÁºÞ³¾Ý,,,
1269,513244,1270,§¹WSü,¹ÝÄÞ³ÊÁ¼Þ­³ÖÝºÞ³¾Ý,,,
1270,513244,1271,¹Qü,º¸ÄÞ³ÆºÞ³¾Ý,LoCpX,Ë¶Þ¼ËÛ¼ÏÊÞ²Êß½,
1271,513244,1272,§¹PTQü,¹ÝÄÞ³Ë¬¸ºÞ¼Þ­³ÆºÞ³¾Ý,,,
1272,513244,1273,§¹QVSü,¹ÝÄÞ³ÆË¬¸ÅÅ¼Þ­³ÖÝºÞ³¾Ý,À|Rz¹,±·»ÝÖ³ÄÞ³,
1273,513244,1274,L¬Qü,ËÛ¼Ïº³¿¸ÆºÞ³¾Ý,,,
1274,513244,1275,¹Qü,º¸ÄÞ³ÆºÞ³¾Ý,,,
1275,513244,1276,L¬Pü,ËÛ¼Ïº³¿¸²ÁºÞ³¾Ý,,,
1276,513244,1277,¹Qü,º¸ÄÞ³ÆºÞ³¾Ý,LoCpX,Ë¶Þ¼ËÛ¼ÏÊÞ²Êß½,
1277,513244,1278,§¹WTü,¹ÝÄÞ³ÊÁ¼Þ­³ºÞºÞ³¾Ý,,,
1278,513244,1279,Ccå´,¶²ÀµµÊ¼,,,
1279,513244,1280,L¬Qü,ËÛ¼Ïº³¿¸ÆºÞ³¾Ý,,,
1280,513244,1281,L¬Qü,ËÛ¼Ïº³¿¸ÆºÞ³¾Ý,,,
1281,513244,1282,§¹QVQü,¹ÝÄÞ³ÆË¬¸ÅÅ¼Þ­³ÆºÞ³¾Ý,,,
1282,513244,1283,¹Qü,º¸ÄÞ³ÆºÞ³¾Ý,,,
1283,513244,1284,L¬Qü,ËÛ¼Ïº³¿¸ÆºÞ³¾Ý,,,
1284,513244,1285,L¬Qü,ËÛ¼Ïº³¿¸ÆºÞ³¾Ý,,,
1285,513244,1286,L¬Pü,ËÛ¼Ïº³¿¸²ÁºÞ³¾Ý,,,
1286,513244,1287,¹Qü,º¸ÄÞ³ÆºÞ³¾Ý,,,
1287,513244,1288,§¹WUü,¹ÝÄÞ³ÊÁ¼Þ­³Û¸ºÞ³¾Ý,©àRÊè,º¶ÞÈÔÏÄÞµØ,
1288,513244,1289,L¬Qü,ËÛ¼Ïº³¿¸ÆºÞ³¾Ý,,,
1289,513244,1290,L¬Qü,ËÛ¼Ïº³¿¸ÆºÞ³¾Ý,,,
1290,513244,1291,§¹QVUü,¹ÝÄÞ³ÆË¬¸ÅÅ¼Þ­³Û¸ºÞ³¾Ý,,,
1291,513244,1292,§¹PUSü,¹ÝÄÞ³Ë¬¸Û¸¼Þ­³ÖÝºÞ³¾Ý,,,
1292,513244,1293,¹Qü,º¸ÄÞ³ÆºÞ³¾Ý,,,
1293,513244,1294,L¬Qü,ËÛ¼Ïº³¿¸ÆºÞ³¾Ý,,,
1294,513244,1295,L¬Qü,ËÛ¼Ïº³¿¸ÆºÞ³¾Ý,,,
1295,513244,1296,L¬Qü,ËÛ¼Ïº³¿¸ÆºÞ³¾Ý,,,
1296,513244,1297,§¹PTQü,¹ÝÄÞ³Ë¬¸ºÞ¼Þ­³ÆºÞ³¾Ý,,,
1297,513244,1298,§¹PTQü,¹ÝÄÞ³Ë¬¸ºÞ¼Þ­³ÆºÞ³¾Ý,·iÊè,Ç¸¼ÅÄÞµØ,
1298,513244,1299,L¬Pü,ËÛ¼Ïº³¿¸²ÁºÞ³¾Ý,,,
1299,513244,1300,¹Qü,º¸ÄÞ³ÆºÞ³¾Ý,,,
1300,513244,1301,¹Qü,º¸ÄÞ³ÆºÞ³¾Ý,LoCpX,Ë¶Þ¼ËÛ¼ÏÊÞ²Êß½,
1301,513244,1302,§¹WTü,¹ÝÄÞ³ÊÁ¼Þ­³ºÞºÞ³¾Ý,,,
1302,513244,1303,¹Qü,º¸ÄÞ³ÆºÞ³¾Ý,LoCpX,Ë¶Þ¼ËÛ¼ÏÊÞ²Êß½,
1303,513244,1304,L¬Qü,ËÛ¼Ïº³¿¸ÆºÞ³¾Ý,,,
1304,513244,1305,L¬Qü,ËÛ¼Ïº³¿¸ÆºÞ³¾Ý,,,
1305,513244,1306,§¹QVUü,¹ÝÄÞ³ÆË¬¸ÅÅ¼Þ­³Û¸ºÞ³¾Ý,,,
1306,513244,1307,¹Qü,º¸ÄÞ³ÆºÞ³¾Ý,LoCpX,Ë¶Þ¼ËÛ¼ÏÊÞ²Êß½,
1307,513244,1308,¹RPü,º¸ÄÞ³»Ý¼Þ­³²ÁºÞ³¾Ý,,,
1308,513244,1309,§¹PUSü,¹ÝÄÞ³Ë¬¸Û¸¼Þ­³ÖÝºÞ³¾Ý,,,
1309,513244,1310,L¬Qü,ËÛ¼Ïº³¿¸ÆºÞ³¾Ý,,,
1310,513244,1311,¹Qü,º¸ÄÞ³ÆºÞ³¾Ý,LoCpX,Ë¶Þ¼ËÛ¼ÏÊÞ²Êß½,
1311,513244,1312,§¹PTPü,¹ÝÄÞ³Ë¬¸ºÞ¼Þ­³²ÁºÞ³¾Ý,,,
1312,513244,1313,§¹QVQü,¹ÝÄÞ³ÆË¬¸ÅÅ¼Þ­³ÆºÞ³¾Ý,,,
1313,513244,1314,¹Qü,º¸ÄÞ³ÆºÞ³¾Ý,,,
1314,513244,1315,L¬Qü,ËÛ¼Ïº³¿¸ÆºÞ³¾Ý,,,
1315,513244,1316,L¬Pü,ËÛ¼Ïº³¿¸²ÁºÞ³¾Ý,,,
1316,513244,1317,§¹PTQü,¹ÝÄÞ³Ë¬¸ºÞ¼Þ­³ÆºÞ³¾Ý,·iÊè,Ç¸¼ÅÄÞµØ,
1317,513244,1318,§¹PTQü,¹ÝÄÞ³Ë¬¸ºÞ¼Þ­³ÆºÞ³¾Ý,·iÊè,Ç¸¼ÅÄÞµØ,
1318,513244,1319,§¹WTü,¹ÝÄÞ³ÊÁ¼Þ­³ºÞºÞ³¾Ý,,,
1319,513244,1320,¹Qü,º¸ÄÞ³ÆºÞ³¾Ý,LoCpX,Ë¶Þ¼ËÛ¼ÏÊÞ²Êß½,
1320,513244,1321,§¹RSü,¹ÝÄÞ³»Ý¼Þ­³ÖÝºÞ³¾Ý,,,
1321,513244,1322,Ccå´,¶²ÀµµÊ¼,,,
1322,513244,1323,§¹WUü,¹ÝÄÞ³ÊÁ¼Þ­³Û¸ºÞ³¾Ý,©àRÊè,º¶ÞÈÔÏÄÞµØ,
1323,513244,1324,L¬Qü,ËÛ¼Ïº³¿¸ÆºÞ³¾Ý,,,
1324,513244,1325,§¹QVUü,¹ÝÄÞ³ÆË¬¸ÅÅ¼Þ­³Û¸ºÞ³¾Ý,,,
1325,513244,1326,¹Qü,º¸ÄÞ³ÆºÞ³¾Ý,,,
1326,513244,1327,¹RPü,º¸ÄÞ³»Ý¼Þ­³²ÁºÞ³¾Ý,,,
1327,513244,1328,L¬Qü,ËÛ¼Ïº³¿¸ÆºÞ³¾Ý,,,
1328,513244,1329,L¬Qü,ËÛ¼Ïº³¿¸ÆºÞ³¾Ý,,,
1329,513244,1330,L¬Qü,ËÛ¼Ïº³¿¸ÆºÞ³¾Ý,,,
1330,513244,1331,L¬Qü,ËÛ¼Ïº³¿¸ÆºÞ³¾Ý,,,
1331,513244,1332,¹Qü,º¸ÄÞ³ÆºÞ³¾Ý,LoCpX,Ë¶Þ¼ËÛ¼ÏÊÞ²Êß½,
1332,513244,1333,L¬Qü,ËÛ¼Ïº³¿¸ÆºÞ³¾Ý,,,
1333,513244,1334,¹Qü,º¸ÄÞ³ÆºÞ³¾Ý,,,
1334,513244,1335,L¬Qü,ËÛ¼Ïº³¿¸ÆºÞ³¾Ý,,,
1335,513244,1336,L¬Qü,ËÛ¼Ïº³¿¸ÆºÞ³¾Ý,,,
1336,513244,1337,§¹VOü,¹ÝÄÞ³ÅÅ¼Þ­³ºÞ³¾Ý,,,
1337,513244,1338,§¹PTQü,¹ÝÄÞ³Ë¬¸ºÞ¼Þ­³ÆºÞ³¾Ý,,,
1338,513244,1339,¹Qü,º¸ÄÞ³ÆºÞ³¾Ý,LoCpX,Ë¶Þ¼ËÛ¼ÏÊÞ²Êß½,
1339,513244,1340,§¹RSü,¹ÝÄÞ³»Ý¼Þ­³ÖÝºÞ³¾Ý,,,
1340,513244,1341,Ccå´,¶²ÀµµÊ¼,,,
1341,513244,1342,§¹WUü,¹ÝÄÞ³ÊÁ¼Þ­³Û¸ºÞ³¾Ý,©àRÊè,º¶ÞÈÔÏÄÞµØ,
1342,513244,1343,¹Qü,º¸ÄÞ³ÆºÞ³¾Ý,,,
1343,513244,1344,¹RPü,º¸ÄÞ³»Ý¼Þ­³²ÁºÞ³¾Ý,,,
1344,513244,1345,L¬Qü,ËÛ¼Ïº³¿¸ÆºÞ³¾Ý,,,
1345,513244,1346,L¬Qü,ËÛ¼Ïº³¿¸ÆºÞ³¾Ý,,,
1346,513244,1347,§¹PTPü,¹ÝÄÞ³Ë¬¸ºÞ¼Þ­³²ÁºÞ³¾Ý,,,
1347,513244,1348,§¹QVQü,¹ÝÄÞ³ÆË¬¸ÅÅ¼Þ­³ÆºÞ³¾Ý,,,
1348,513244,1349,§¹VOü,¹ÝÄÞ³ÅÅ¼Þ­³ºÞ³¾Ý,,,
1349,513244,1350,L¬Pü,ËÛ¼Ïº³¿¸²ÁºÞ³¾Ý,,,
1350,513244,1351,¹Qü,º¸ÄÞ³ÆºÞ³¾Ý,LoCpX,Ë¶Þ¼ËÛ¼ÏÊÞ²Êß½,
1351,513244,1352,§¹RSü,¹ÝÄÞ³»Ý¼Þ­³ÖÝºÞ³¾Ý,,,
1352,513244,1353,§¹RSü,¹ÝÄÞ³»Ý¼Þ­³ÖÝºÞ³¾Ý,,,
1353,513244,1354,¹Qü,º¸ÄÞ³ÆºÞ³¾Ý,LoCpX,Ë¶Þ¼ËÛ¼ÏÊÞ²Êß½,
1354,513244,1355,¹RPü,º¸ÄÞ³»Ý¼Þ­³²ÁºÞ³¾Ý,,,
1355,513244,1356,§¹QVQü,¹ÝÄÞ³ÆË¬¸ÅÅ¼Þ­³ÆºÞ³¾Ý,,,
1356,513244,1357,L¬Qü,ËÛ¼Ïº³¿¸ÆºÞ³¾Ý,,,
1357,513244,1358,L¬Qü,ËÛ¼Ïº³¿¸ÆºÞ³¾Ý,,,
1358,513244,1359,L¬Qü,ËÛ¼Ïº³¿¸ÆºÞ³¾Ý,,,
1359,513244,1360,L¬Pü,ËÛ¼Ïº³¿¸²ÁºÞ³¾Ý,,,
1360,513244,1361,¹Qü,º¸ÄÞ³ÆºÞ³¾Ý,LoCpX,Ë¶Þ¼ËÛ¼ÏÊÞ²Êß½,
1361,513244,1362,§¹PUSü,¹ÝÄÞ³Ë¬¸Û¸¼Þ­³ÖÝºÞ³¾Ý,,,
1362,513244,1363,L¬Qü,ËÛ¼Ïº³¿¸ÆºÞ³¾Ý,,,
1363,513244,1364,§¹VOü,¹ÝÄÞ³ÅÅ¼Þ­³ºÞ³¾Ý,,,
1364,513244,1365,§¹QVUü,¹ÝÄÞ³ÆË¬¸ÅÅ¼Þ­³Û¸ºÞ³¾Ý,,,
1365,513244,1366,§¹PUSü,¹ÝÄÞ³Ë¬¸Û¸¼Þ­³ÖÝºÞ³¾Ý,,,
1366,513244,1367,§¹PUSü,¹ÝÄÞ³Ë¬¸Û¸¼Þ­³ÖÝºÞ³¾Ý,,,
1367,513244,1368,L¬Qü,ËÛ¼Ïº³¿¸ÆºÞ³¾Ý,,,
1368,513244,1369,L¬Pü,ËÛ¼Ïº³¿¸²ÁºÞ³¾Ý,,,
1369,513244,1370,L¬Pü,ËÛ¼Ïº³¿¸²ÁºÞ³¾Ý,,,
1370,513244,1371,¹Qü,º¸ÄÞ³ÆºÞ³¾Ý,LoCpX,Ë¶Þ¼ËÛ¼ÏÊÞ²Êß½,
1371,513244,1372,§¹QVUü,¹ÝÄÞ³ÆË¬¸ÅÅ¼Þ­³Û¸ºÞ³¾Ý,,,
1372,513244,1373,§¹PUSü,¹ÝÄÞ³Ë¬¸Û¸¼Þ­³ÖÝºÞ³¾Ý,,,
1373,513244,1374,§¹VOü,¹ÝÄÞ³ÅÅ¼Þ­³ºÞ³¾Ý,,,
1374,513244,1375,L¬Pü,ËÛ¼Ïº³¿¸²ÁºÞ³¾Ý,,,
1375,513244,1376,§¹QVUü,¹ÝÄÞ³ÆË¬¸ÅÅ¼Þ­³Û¸ºÞ³¾Ý,,,
1376,513244,1377,¹Qü,º¸ÄÞ³ÆºÞ³¾Ý,,,
1377,513244,1378,L¬Qü,ËÛ¼Ïº³¿¸ÆºÞ³¾Ý,,,
1378,513244,1379,L¬Qü,ËÛ¼Ïº³¿¸ÆºÞ³¾Ý,,,
1379,513244,1380,§¹QVUü,¹ÝÄÞ³ÆË¬¸ÅÅ¼Þ­³Û¸ºÞ³¾Ý,,,
1380,513244,1381,§¹PUSü,¹ÝÄÞ³Ë¬¸Û¸¼Þ­³ÖÝºÞ³¾Ý,,,
1381,513244,1382,§¹PUSü,¹ÝÄÞ³Ë¬¸Û¸¼Þ­³ÖÝºÞ³¾Ý,åBÊè,µµ½ÄÞµØ,
1382,513244,1383,¹Qü,º¸ÄÞ³ÆºÞ³¾Ý,,,
1383,513244,1384,§¹PTPü,¹ÝÄÞ³Ë¬¸ºÞ¼Þ­³²ÁºÞ³¾Ý,,,
1384,513244,1385,§¹PUSü,¹ÝÄÞ³Ë¬¸Û¸¼Þ­³ÖÝºÞ³¾Ý,,,
1385,513244,1386,L¬Qü,ËÛ¼Ïº³¿¸ÆºÞ³¾Ý,,,
1386,513244,1387,§¹PUSü,¹ÝÄÞ³Ë¬¸Û¸¼Þ­³ÖÝºÞ³¾Ý,,,
1387,513244,1388,§¹PTPü,¹ÝÄÞ³Ë¬¸ºÞ¼Þ­³²ÁºÞ³¾Ý,,,
1388,513244,1389,§¹PTQü,¹ÝÄÞ³Ë¬¸ºÞ¼Þ­³ÆºÞ³¾Ý,·iÊè,Ç¸¼ÅÄÞµØ,
1389,513244,1390,L¬Tü,ËÛ¼Ïº³¿¸ºÞºÞ³¾Ý,,,
1390,513244,1391,§¹VOü,¹ÝÄÞ³ÅÅ¼Þ­³ºÞ³¾Ý,,,
1391,513244,1392,L¬Tü,ËÛ¼Ïº³¿¸ºÞºÞ³¾Ý,,,
1392,513244,1393,§¹PTPü,¹ÝÄÞ³Ë¬¸ºÞ¼Þ­³²ÁºÞ³¾Ý,,,
1393,513244,1394,L¬Tü,ËÛ¼Ïº³¿¸ºÞºÞ³¾Ý,,,
1394,513244,1395,§¹PUSü,¹ÝÄÞ³Ë¬¸Û¸¼Þ­³ÖÝºÞ³¾Ý,åBÊè,µµ½ÄÞµØ,
1395,513244,1396,L¬Qü,ËÛ¼Ïº³¿¸ÆºÞ³¾Ý,,,
1396,513244,1397,§¹PTPü,¹ÝÄÞ³Ë¬¸ºÞ¼Þ­³²ÁºÞ³¾Ý,,,
1397,513244,1398,L¬Qü,ËÛ¼Ïº³¿¸ÆºÞ³¾Ý,,,
1398,513244,1399,§¹PTPü,¹ÝÄÞ³Ë¬¸ºÞ¼Þ­³²ÁºÞ³¾Ý,,,
1399,513244,1400,§¹VOü,¹ÝÄÞ³ÅÅ¼Þ­³ºÞ³¾Ý,,,
1400,513244,1401,§¹PTPü,¹ÝÄÞ³Ë¬¸ºÞ¼Þ­³²ÁºÞ³¾Ý,,,
1401,513244,1402,L¬Tü,ËÛ¼Ïº³¿¸ºÞºÞ³¾Ý,,,
1402,513244,1403,L¬Qü,ËÛ¼Ïº³¿¸ÆºÞ³¾Ý,,,
1403,513244,1404,L¬Qü,ËÛ¼Ïº³¿¸ÆºÞ³¾Ý,,,
1404,513244,1405,L¬Qü,ËÛ¼Ïº³¿¸ÆºÞ³¾Ý,,,
1405,513244,1406,§¹PTPü,¹ÝÄÞ³Ë¬¸ºÞ¼Þ­³²ÁºÞ³¾Ý,,,
1406,513244,1407,L¬Qü,ËÛ¼Ïº³¿¸ÆºÞ³¾Ý,,,
1407,513244,1408,L¬Qü,ËÛ¼Ïº³¿¸ÆºÞ³¾Ý,,,
1408,513244,1409,§¹PUSü,¹ÝÄÞ³Ë¬¸Û¸¼Þ­³ÖÝºÞ³¾Ý,,,
1409,513244,1410,§¹VOü,¹ÝÄÞ³ÅÅ¼Þ­³ºÞ³¾Ý,,,
1410,513244,1411,§¹VOü,¹ÝÄÞ³ÅÅ¼Þ­³ºÞ³¾Ý,,,
1411,513244,1412,§¹PUSü,¹ÝÄÞ³Ë¬¸Û¸¼Þ­³ÖÝºÞ³¾Ý,,,
1412,513244,1413,§¹PTPü,¹ÝÄÞ³Ë¬¸ºÞ¼Þ­³²ÁºÞ³¾Ý,,,
1413,513244,1414,§¹WSü,¹ÝÄÞ³ÊÁ¼Þ­³ÖÝºÞ³¾Ý, ¯ÚÌÊè,±¹ÎÞÉÄÞµØ,
1414,513244,1415,§¹VOü,¹ÝÄÞ³ÅÅ¼Þ­³ºÞ³¾Ý,,,
1415,513244,1416,§¹PUSü,¹ÝÄÞ³Ë¬¸Û¸¼Þ­³ÖÝºÞ³¾Ý,åBÊè,µµ½ÄÞµØ,
1416,513244,1417,§¹PTPü,¹ÝÄÞ³Ë¬¸ºÞ¼Þ­³²ÁºÞ³¾Ý,,,
1417,513244,1418,§¹WSü,¹ÝÄÞ³ÊÁ¼Þ­³ÖÝºÞ³¾Ý, ¯ÚÌÊè,±¹ÎÞÉÄÞµØ,
1418,513244,1419,§¹VOü,¹ÝÄÞ³ÅÅ¼Þ­³ºÞ³¾Ý,,,
1419,513244,1420,§¹PTPü,¹ÝÄÞ³Ë¬¸ºÞ¼Þ­³²ÁºÞ³¾Ý,,,
1420,513244,1421,L¬Qü,ËÛ¼Ïº³¿¸ÆºÞ³¾Ý,,,
1421,513244,1422,§¹VOü,¹ÝÄÞ³ÅÅ¼Þ­³ºÞ³¾Ý,,,
1422,513244,1423,§¹PTPü,¹ÝÄÞ³Ë¬¸ºÞ¼Þ­³²ÁºÞ³¾Ý,,,
1423,513244,1424,L¬Qü,ËÛ¼Ïº³¿¸ÆºÞ³¾Ý,,,
1424,513244,1425,L¬Qü,ËÛ¼Ïº³¿¸ÆºÞ³¾Ý,,,
1425,513244,1426,§¹PTPü,¹ÝÄÞ³Ë¬¸ºÞ¼Þ­³²ÁºÞ³¾Ý,,,
1426,513244,1427,§¹PTPü,¹ÝÄÞ³Ë¬¸ºÞ¼Þ­³²ÁºÞ³¾Ý,,,
1427,513244,1428,§¹WSü,¹ÝÄÞ³ÊÁ¼Þ­³ÖÝºÞ³¾Ý,,,
1428,513244,1429,§¹WSü,¹ÝÄÞ³ÊÁ¼Þ­³ÖÝºÞ³¾Ý,,,
1429,513244,1430,§¹PTPü,¹ÝÄÞ³Ë¬¸ºÞ¼Þ­³²ÁºÞ³¾Ý,,,
1430,513244,1431,§¹PTPü,¹ÝÄÞ³Ë¬¸ºÞ¼Þ­³²ÁºÞ³¾Ý,,,
1431,513244,1432,§¹PTPü,¹ÝÄÞ³Ë¬¸ºÞ¼Þ­³²ÁºÞ³¾Ý,,,
1432,513244,1433,L¬Pü,ËÛ¼Ïº³¿¸²ÁºÞ³¾Ý,,,
1433,513244,1434,§¹WTü,¹ÝÄÞ³ÊÁ¼Þ­³ºÞºÞ³¾Ý,,,
1434,513244,1435,§¹WTü,¹ÝÄÞ³ÊÁ¼Þ­³ºÞºÞ³¾Ý,,,
1435,513244,1436,L¬Pü,ËÛ¼Ïº³¿¸²ÁºÞ³¾Ý,,,
1436,513244,1437,L¬Pü,ËÛ¼Ïº³¿¸²ÁºÞ³¾Ý,,,
1437,513244,1438,¹Qü,º¸ÄÞ³ÆºÞ³¾Ý,LoCpX,Ë¶Þ¼ËÛ¼ÏÊÞ²Êß½,
1438,513244,1439,§¹QVTü,¹ÝÄÞ³ÆË¬¸ÅÅ¼Þ­³ºÞºÞ³¾Ý,,,
1439,513244,1440,RzV²ü,,,,
1440,513244,1441,Rz{ü,,,,
1441,513244,1442,àü,,,,
1442,513244,1443,|õü,,,,
