,meshcode,recordid,areano,nextflg,elcode,objectid,elcnt,dspflg,geometry
0,513244,1,21,0,219161,4-32-17-5-1839165,230,√ø√ø√ø√ø√ø√ø√ø√ø√ø√ø√ø√ø√ø√ø√ø√ø√ø√ø√ø√ø√ø√ø√ø√ø√ø√ø√ø√ø√∏,
1,513244,1,36,0,142100,4-32-24-5-1636543,4,√†,
2,513244,1,40,0,122100,4-32-24-582-1569980,4,√†,
3,513244,1,69,0,212040,4-56-17-694-18212175,8,√æ,
4,513244,1,70,0,212040,4-56-17-694-18212175,3,√Ä,
5,513244,2,1,0,44B000,4-32-26-5-1838843,295,√ø√ø√ø√ø√ø√ø√ø√ø√ø√ø√ø√ø√ø√ø√ø√ø√ø√ø√ø√ø√ø√ø¬ø√ø√ø√ø√ø√ø√ø√ø√ø√ø√ø√ø√ø√ø√æ,
6,513244,2,2,0,44B000,4-32-26-5-1838851,123,√ø√ø√ø√ø¬ø√ø√ø√ø√ø√ø√∑√ø√ø√ø√ø√†,
7,513244,3,1,0,411000,4-32-26-5-1838847,81,}√ø√ø√ø√ø√ø√ø√ø√ø√ø¬Ä,
8,513244,3,2,1,411000,4-32-26-5-1838855,400,√ø√ø√ø√ø√ø√ø√ø√ø√ø√ø√ø√ø√ø√ø√ø√ø√ø√ø√ø√ø√ø√ø√ø√ø√ø√ø√ø√ø√ø√ø√ø√ø√ø√ø√ø√ø√Ω√ø√ø√ø√ø√ø√ø√ø√ø√ª√ø√ø,
9,513244,3,2,2,411000,4-32-26-5-1838855,231,√ø√ø√ø√ø√ø√ø√ø√ø√ø√ø√ø√ø√ø√ø√ø√ø√ø√ø√ø√ø√ø√ø√æ√ø√ø√ø√ø√ø√æ,
10,513244,4,1,1,540000,7-50-7-103-31789560,400,√ø√ø√ø√ø√ø√ø√ø√ø√ø√ø√ø√ø√ø√ø√ø√ø√ø√ø√ø√ø√ø√ø√ø√ø√ø√ø√ø√ø√ø√ø√ø√ø√ø√ø√ø√ø√ø√ø√ø√ø√ø√ø√ø√ø√ø√ø√ø√ø√ø√ø,
11,513244,4,1,2,540000,7-50-7-103-31789560,391,√ø√ø√ø√ø√ø√ø√ø√ø√ø√ø√ø√ø√ø√ø√ø√ø√ø√ü√ø√ø√ø√ø√ø√ø√ø√ø√ø√ø√ø√ø√ø√ø√ø√ø√ø√ø√ø√ø√ø√ø√ø√ø√ø√ø√ø√ø√ø√ø√∏,
12,513244,4,2,1,540000,7-50-7-103-31789560,400,√ø√ø√ø√ø√ø√ø√ø√ø√ø√ø√ø√ø√ø√ø√ø√ø√ø√ø√ø√ø√ø√ø√ø√ø√ø√ø√ø√ø√ø√ø√ø√ø√ø√ø√ø√ø√ø√ø√ø√ø√ø√ø√ø√ø√ø√ø√ø√ø√ø√ø,
13,513244,4,2,2,540000,7-50-7-103-31789560,314,√ø√ø√ø√ø√ø√ø√ø√ø√ø√ø√ø√ø√ø√ø√ø√ø√ø√ø√ø√ø√ø√ø√ø√ø√ø√ø√ø√ø√ø√ø√ø√ø√ø√ø√ø√ø√ø√ø√ø¬Ä,
14,513244,4,3,1,540000,7-50-7-103-31789560,400,√ø√ø√ø√ø√ø√ø√ø√ø√ø√ø√ø√ø√ø√ø√ø√ø√ø√ø√ø√ø√ø√ø√ø√ø√ø√ø√ø√ø√ø√ø√ø√ø√ø√ø√ø√ø√ø√ø√ø√ø√ø√ø√ø√ø√ø√ø√ø√ø√ø√£,
15,513244,4,3,2,540000,7-50-7-103-31789560,123,√ø√ø√ø√ø√ø√ø√ø√ø√ø√ø√ø√ø√ø√ø√ø√†,
16,513244,4,4,1,540000,7-50-7-103-31789560,400,√ø√ø√ø√ø√ø√ø√ø√ø√ø√ø√ø√ø√ø√ø√ø√ø√ø√ø√ø√ø√ø√ø√ø¬è√ø√ø√ø√ø√ø√ø√ø√ø√ø√ø√ø√ø√ø√ø√ø√ø√ø√ø√ø√ø√ø√ø√ø√ø√ø√ø,
17,513244,4,4,2,540000,7-50-7-103-31789560,186,√ø√ø√ø√ø√ø√ø√ø√ø√ø√ø√ø√ø√ø√ø√ø√ü√ø√ø√ø√ø√ø√ø√ø√Ä,
18,513244,4,5,0,540000,7-50-7-103-31789560,3,√Ä,
19,513244,4,6,1,540000,7-50-7-103-31789617,400,√ø√ø√ø√ø√ø√ø√ø√ø√ø√ø√ø√ø√ø√ø√ø√ø√ø√ø√ø√ø√ø√ø√ø√ø√ª√ø√ø√ø√ø√Ω√ø√ø√ø√ø√ø√ø√ø√ø√ø√ø√ø√ø√ø√ø√ø√ø√ø√ø√ø√ø,
20,513244,4,6,2,540000,7-50-7-103-31789617,36,√ø√ø√ø√ø√Ä,
21,513244,4,7,1,540000,7-50-7-103-31789617,400,√ø√ø√ø√ø√ø√ø√ø√ø√ø√ø√ø√ø√ø√ø√ø√ø√ø√ø√ø√ø√ø√ø√ø√ø√ø√ø√ø√ø√ø√ø√ø√ø√ø√ø√ø√ø√ø√ø√ø√ø√ø√ø√ø√ø√ø√ø√ø√ø√ø,
22,513244,4,7,2,540000,7-50-7-103-31789617,232,√ø√ø√ø√ø√ø√ø√ø√ø√ø√ø√ø√ø√ø√ø√ø√ø√ø√ø√ø√ø√ø√ø√ø√ø√ø√ø√ø√ø√æ,
23,513244,4,8,1,540000,7-50-7-103-31789627,400,√ø√ø√ø√ø√ø√ø√ø√ø√ø√ø√ø√ø√ø√ø√ø√ø√ø√ø√ø√ø√ø√ø√ø√ø√ø√ø√ø√ø√ø√ø√ø√ø√ø√ø√ø√ø√ø√ø√ø√ø√ø√ø√ø√ø√ø√ø√ø√ø√ø√ø,
24,513244,4,8,2,540000,7-50-7-103-31789627,110,√ø√ø√ø√ø√ø√ª√ø√ø√ø√ø√ø√ø√ø√∏,
25,513244,4,9,1,540000,7-50-7-103-31789627,400,√ø√ø√ø√ø√ø√ø√ø√ø√ø√ø√ø√ø√ø√ø√ø√ø√ø√ø√ø√ø√ø√ø√ø√ø√ø√ø√ø√ø√ø√ø√ø√ø√ø√ø√ø√ø√ø√ø√ø√ø√ø√ø√ø√ø√ø√ø√ø√ø√ø√ø,
26,513244,4,9,2,540000,7-50-7-103-31789627,291,√ø√ø√∑√ø√ø√ø√ø√ø√ø√ø√ø√ø√ø√ø√ø√ø√ø√ø√ø√ø√ø√ø√ø√ø√ø√ø√ø√ø√ø√ø√ø√ø√ø√æ√ø√ø√†,
27,513244,4,10,1,540000,7-50-7-103-31789627,400,√ø√ø√ø√ø√ø√ø√ø√ø√ø√ø√ø√ø√ø√ø√ø√ø√ø√ø√ø√ø√ø√ø√ø√ø√ø√ø√ø√ø√ø√ø√ø√ø√ø√ø√ø√ø√ø√ø√ø√ø√ø√ø√ø√ø√ø√ø√ø√ø√ø,
28,513244,4,10,2,540000,7-50-7-103-31789627,133,√ø√ø√ø√ø√ø√ø√ø√ø√ø√ø√ø√ø√ø√ø√ø√ø√∏,
29,513244,4,11,0,540000,7-50-7-103-31789638,6,p,
30,513244,4,12,0,540000,7-50-7-124-44935303,386,√ø√ø√ø√ø√ø√ø√ø√ø√ø√ø√ø√ø√ø√ø√ø√ø√ø√ø√ø√ø√ø√ø√ø√ø√ø√ø√ø√ø√ø√ø√ø√ø√ø√ø√ø√ø√ø√ø√ø√ø√ø√ø√ø√ø√ø√ø√ø√ø¬Ä,
31,513244,4,13,0,540000,7-50-7-288-68470505,106,√ø√ø√ø√ø√ø√ø√ø√ø√ø√ø√ø√ø√ø¬Ä,
32,513244,4,14,0,540000,7-50-7-288-68472876,21,√ø√ø√∞,
33,513244,4,15,0,540000,7-50-7-288-68474018,321,√ø√ø√ø√ø√ø√ø√ø√ø√ø√ø√æ√ø√ø√ø√ø√ø√ø√ø√ø√ø√ø√ø√ø√ø√ø√ø√ø√ø√ø√ø√ø√ø√ø√ø√ø√ø√ø√ø√ø√ø,
34,513244,4,16,0,540000,7-50-7-288-68474141,336,√ø√ø√ø√ø√ø√ø√ø√ø√ø√ø√ø√ø√ø√ø√ø√ø√ø√ø√ø√ø√ø√ø√ø√ø√ø√ø√ø√ø√∏√ø√ø√ø√ø√ø√ø√ø√ø√ø√ø√ø√æ,
35,513244,4,17,0,540000,7-50-7-288-68475185,222,√ø√ø√ø√ø√ø√ø√ø√ø√ø√ø√ø√ø√ø√ø√ø√ø√ø√ø√ø√ø√ø√ø√ø√ø√ø√ø√ø√∏,
36,513244,4,18,0,540000,7-50-7-288-68475185,17,√ø√ø,
37,513244,4,19,0,540000,7-50-7-288-68475849,89,√ø√ø√ø√ø√ø√ø√ø√ø√ø√ø√æ,
38,513244,4,21,0,540000,7-50-7-288-68477165,12,,
39,513244,4,22,1,540000,7-50-7-288-68477603,400,√ø√ø√∑√ø√ø√ø√ø√ø√ø√ø√ø√ø√ø√ø√ø√ø√ø√ø√ø√ø√ø√ø√ø√ø√ø√ø√ø√ø√ø√ø√ø√ø√ø√ø√ø√ø√ø√ø√ø√ø√ø√ø√ø√ø√ø√ø√ø√ø√ø√ø,
40,513244,4,22,2,540000,7-50-7-288-68477603,271,√ø√ø√ø√ø√ø√ø√ø√ø√ø√ø√ø√ø√ø√ø√ø√ø√ø√ø√ø√ø√ø√ø√ø√ø√ø√ø√ø√ø√ø√ø√ø√ø√º,
41,513244,4,23,1,540000,7-50-7-288-68477712,400,√ø√ø√ø√ø√ø√ø√ø√ø√ø√ø√ø√ø√ø√ø√ø√ø√ø√ø√ø√ø√ø√ø√ø√ø√ø√ø√ø√ø√ø√ø√ø√ø√ø√ø√ø√ø√ø√ø√ø√ø√ø√ø√ø√ø√ø√ø√ø√ø√ø√ø,
42,513244,4,23,2,540000,7-50-7-288-68477712,281,√ø√ø√ø√ø√ø√ø√ø√ø√ø√ø√ø√ø√ø√ø√ø√ø√ø√ø√ø√ø√ø√ø√º√ø√ø√ø√ø√ø√ø√ø√ø√ø√ø√ø√ø,
43,513244,4,24,1,540000,7-50-7-288-68477712,400,√ø√ø√ø√ø√ø√ø√ø√ø√ø√ø√ø√ø√ø√ø√ø√ø√ø√ø√ø√ø√ø√ø√ø√ø√ø√ø√ø√ø√ø√ø√ø√ø√ø√ø√ø√ø√ø√ø√ø√ø√ø√ø√ø√ø√ø√ø√ø√ø√ø,
44,513244,4,24,2,540000,7-50-7-288-68477712,127,√ø√ø√ø√ø√ø√ø√ø√ø√ø√ø√ø√ø√ø√ø√ø√º,
45,513244,4,25,0,540000,7-50-7-288-68477712,181,√ø√ø√ø√ø√ø√ø√ø√ø√ø√ø√ø√ø√ø√ø√ø√ø√ø√ø√ø√ø√ø√ø√∞,
46,513244,4,26,1,540000,7-50-7-288-68478266,400,√ø√ø√ø√ø√ø√ø√ø√ø√ø√ø√ø√ø√ø√ø√ø√ø√ø√ø√ø√ø√ø√ø√ø√ø√ø√ø√ø√ø√ø√ø√ø√ø√ø√ø√ø√ø√ø√ø√ø√ø√ø√ø√ø√ø√ø√ø√ø√ø√ø√ø,
47,513244,4,26,2,540000,7-50-7-288-68478266,122,√ø√ø√ø√ø√ø√ø√ø√ø√ø√ø√ø√ø√ø√ø√ø¬Ä,
48,513244,4,27,1,540000,7-50-7-288-68478266,400,√ø√ø√ø√ø√ø√ø√ø√ø√ø√ø√ø√ø√ø√ø√ø√ø√ø√ø√ø√ø√ø√ø√ø√ø√ø√ø√ø√ø√ø√ø√ø√ø√ø√ø√ø√ø√ø√ø√ø√ø√ø√ø√ø√ø√ø√ø√ø√ø√ø√ø,
49,513244,4,27,2,540000,7-50-7-288-68478266,222,√ø√ø√ø√ø√ø√ø√ø√ø√ø√ø√ø¬ø√ø√ø√ø√ø√ø√ø√ø√ø√ø√ø√ø√ª√ø√ø√ø√º,
50,513244,4,28,1,540000,7-50-7-288-68478582,400,√ø√ø√ø√ø√ø√ø√ø√ø√ø√ø√ø√ø√ø√ø√ø√ø√ø√ø√ø√ø√ø√ø√ø√ø√ø√ø√ø√ø√ø√ø√ø√ø√ø√ø√ø√ø√ø√ø√ø√ø√ø√ø√ø√ø√ø√ø√ø√ø√ø√ø,
51,513244,4,28,2,540000,7-50-7-288-68478582,249,√ø√ø√ø√ø√ø√ø√ø√ø√ø√ø√ø√ø√ø√ø√ø√ø√ø√ø√ø√ø√ø√ø√ø√ø√ø√ø√ø√ø√ø√ø√ø,
52,513244,4,29,0,540000,7-50-7-288-68478582,377,√ø√ø√ø√ø√ø√ø√ø√ø√ø√ø√ø√ø√ø√ø√ø√ø√ø√ø√ø√ø√ø√ø√ø√ø√ø√ø√ø√ø√ø√ø√ø√ø√ø√ø√ø√ø√ø√ø√ø√ø√ø√ø√ø√ø√ø√ø√ø,
53,513244,4,30,1,540000,7-50-7-288-68478582,400,√ø√ø√ø√ø√ø√ø√ø√ø√ø√ø√ø√ø√ø√ø√ø√ø√ø√ø√ø√ø√ø√ø√ø√ø√ø√ø¬ø√ø√ø√ø√ø√ø√ø√ø√ø√ø√ø√ø√ø√ø√ø√ø√ø√ø√ø√ø√ø√ø√ø√ø,
54,513244,4,30,2,540000,7-50-7-288-68478582,67,√ø√∑√ø√ø√ø√ø√ø√ø√†,
55,513244,4,31,1,540000,7-50-7-288-68479924,400,√ø√ø√ø√ø√ø√ø√ø√ø√ø√ø√ø√ø√ø√ø√ø√ø√ø√ø√ø√ø√ø√ø√ø√ø√ø√ø√ø√ø√ø√ø√ø√ø√ø√ø√ø√ø√ø√ø√ø√ø√ø√ø√ø√ø√ø√ø√ø√ø√ø√ø,
56,513244,4,31,2,540000,7-50-7-288-68479924,45,√ø√ø√ø√ø√ø√†,
57,513244,4,32,1,540000,7-50-7-288-68479924,400,,
58,513244,4,32,2,540000,7-50-7-288-68479924,3,√Ä,
59,513244,4,34,1,540000,7-50-7-288-68482920,400,√ø√ø√ø√ø√ø√ø√ø√ø√ø√ø√ø√ø√ø√ø√ø√ø√ø√ø√ø√ø√ø√ø√ø√ø√ø√ø√ø√ø√ø√ø√ø√ø√ø√ø√ø√ø√ø√ø√ø√ø√ø√ø√ø√ø√ø√ø√ø√ø√ø√ø,
60,513244,4,34,2,540000,7-50-7-288-68482920,371,√ø√ø√ø√ø√ø√ø√ø√ø√ø√ø√ø√ø√ø√ø√ø√ø√ø√ø√ø√ø√ø√ø√ø√ø√ø√ø√ø√ø√ø√ø√ø√ø√ø√ø√ø√ø√ø√ø√ø√ø√ø√ø√ø√ø√ø√ø√Ä,
61,513244,4,35,0,540000,7-50-7-288-68482920,398,√ø√ø√ø√ø√ø√ø√ø√ø√ø√ø√ø√ø√ø√ø√ø√ø√ø√ø√ø√ø√ø√ø√ø√ø√ø√ø√ø√ø√ø√ø√ø√ø√ø√ø√ø√ø√ø√ø√ø√ø√ø√ø√ø√ø√ø√ø√ø√ø√ø√∏,
62,513244,4,36,1,540000,7-50-7-288-68482920,400,√ø√ø√ø√ø√ø√ø√ø√ø√ø√ø√ø√ø√ø√ø√ø√ø√ø√ø√ø√ø√ø√ø√ø√ø√ø√ø√ø√ø√ø√ø√ø√ø√ø√ø√ø√ø√ø√ø√ø√ø√ø√ø√ø√ø√ø√ø√ø√ø√ø,
63,513244,4,36,2,540000,7-50-7-288-68482920,160,√ø√ø√ø√ø√Ω√ø√ø√ø√ø√ø√ø√ø√ø√ø√ø√ø√ø√ø√ø√ø,
64,513244,4,39,1,540000,7-50-7-288-68487005,400,√ø√ø√ø√ø√ø√ø√ø√ø√ø√ø√ø√ø√ø√ø√ø√ø√ø√ø√ø√ø√ø√ø√ø√ø√ø√ø√ø√ø√ø√ø√ø√ø√ø√ø√ø√ø√ø√ø√ø√ø√ø√ø√ø√ø√ø√ø√ø√ø√ø√ø,
65,513244,4,39,2,540000,7-50-7-288-68487005,105,√ø√ø√ø√ø√ø√ø√ø√ø√ø√ø√ø√ø√ø,
66,513244,4,40,0,540000,7-50-7-288-68487005,352,√ø√ø√ø√ø√ø√ø√ø√ø√ø√ø√ø√ø√ø√ø√ø√ø√ø√ø√ø√ø√ø√ø√ø√ø√ø√ø√ø√ø√ø√ø√ø√ü√ø√ø√ø√ø√ø√ø√ø√ø√ø√ø√ø√æ,
67,513244,4,42,0,540000,7-50-7-288-68487683,159,√ø√ø√ø√ø√ø√º√º√ø√ø√ø√ø√ø√ø√ø√ø√ø√ø√æ,
68,513244,4,43,0,540000,7-50-7-288-68487695,165,√ø√ø√ø√ø√ø√ø√ø√ø√ø¬É√ø√£√ø√ø√ø√ø√ø√ø√ø√ø√∏,
69,513244,4,45,1,540000,7-50-7-288-68489029,400,√ø√ø√ø√ø√ø√ø√ø√ø√ø√ø√ø√ø√ø√ø√ø√ø√ø√ø√ø√ø√ø√ø√ø√ø√ø√ø√ø√ø√ø√ø√ø√ø√ø√ø√ø√ø√ø√ø√ø√ø√ø√ø√ø√ø√ø√ø√ø√ø,
70,513244,4,45,2,540000,7-50-7-288-68489029,302,√ø√ø√ø√ø√ø√ø√ø√ø√ø√ø√ø√ø√ø√ø√ø√ø√ø√ø√ø√ø√ø√ø√ø√ø√ø√ø√ø√ø√ø√ø√ø√ø√ø√ø√ø√ø√ø√º,
71,513244,4,46,1,540000,7-50-7-288-68489473,400,√ø√ø√ø√ø√ø√ø√ø√ø√ø√ø√ø√ø√ø√ø√ø√ø√ø√ø√ø√ø√ø√ø√ø√ø√±√ø√ø√ø√ø√ø√ø√ø√ø√ø√ø√ø√ø√ø√ø√ø√ø√ø√ø√ø√ø√ø√ø√ø,
72,513244,4,46,2,540000,7-50-7-288-68489473,304,√ø√ø√ø√ø√ø√ø√ø√ø√ø√ø√ø√ø√ø√ø√ø√ø√ø√ø√ø√ø√ø√ø√ø√ø√ø√ø√ø√ø√ø√ø√ø√ø√ø√ø√ø√ø√ø√ø,
73,513244,4,49,0,540000,7-50-7-288-68490733,232,√ø√ø√ø√∑√ø√ø√ø√ø√ø√ø√ø√ø√ø√ø√ø√ø√ø√ø√ø√ª√ø√ø√ø√ø√ø√ø√ø√ø√ø,
74,513244,4,53,1,540000,7-50-7-288-68492069,400,√ø√ø√ø√ø√ø√ø√ø√ø√ø√ø√ø√ø√ø√ø√ø√ø√ø√ø√ø√ø√ø√ø√ø√ø√ø√ø√ø√ø√ø√ø√ø√ø√ø√ø√ø√ø√ø√ø√ø√ø√ø√ø√ø√ø√ø√ø√ø√ø√ø√ø,
75,513244,4,53,2,540000,7-50-7-288-68492069,67,√Ω√ø√ø√ø√ø√ø√ø√ø√†,
76,513244,4,56,0,540000,7-50-7-288-68492469,220,√ø√ø√ø√ø√ø√ø√ø√ø√ø√ø√ø√ø√ø√ø√ø√ø√ü√ø√ø√ø√ø√ø√ø√ø√ø√ø¬ø√∞,
77,513244,4,57,0,540000,7-50-7-288-68492811,161,√ø√ø√ø√ø√ø√ø√ø√ø√ø√ø√ø√ü√ø√ø√ø√ø√ø¬æ√ø¬Ä,
78,513244,4,64,0,540000,7-50-7-288-68495453,48,√ø√ø√ø√ø√∏,
79,513244,4,69,1,540000,7-50-7-288-68496509,400,√ø√ø√ø√ø√ø√ø√ø√ø√ø√ø√ø√ø√ø√ø√ø√ø√ø√ø√ø√ø√ø√ø√ø√ø√ø√ø√ø√ø√ø√ø√ø√ø√ø√ø√ø√ø√ø√ø√ø√ø√ø√ø√ø√ø√ø√ø√ø√ø√ø√ø,
80,513244,4,69,2,540000,7-50-7-288-68496509,4,√†,
81,513244,4,70,0,540000,7-50-7-288-68496509,395,√ø√ø√ø√ø√ø√ø√ø√ø√ø√ø√ø√ø√ø√ø√ø√ø√ø√ø√ø√ø√ø√ø√ø√ø√ø√ø√ø√ø√ø√ø√ø√ø√ø√ø√ø√ø√ø√ø√ø√ø√ø√ø√ø√ø√ø√ø√ø√ø√ø√Ä,
82,513244,4,71,1,540000,7-50-7-288-68496509,400,√ø√ø√ø√ø√ø√ø√ø√ø√ø√ø√ø√ø√ø√ø√ø√ø√ø√ø√ø√ø√ø√ø√ø√ø√ø√ø√ø√ø√ø√ø√ø√ø√ø√ø√ø√ø√ø√ø√ø√ø√ø√ø√ø√ø√ø√ø√ø√ø√ø√ø,
83,513244,4,71,2,540000,7-50-7-288-68496509,110,√ø√ø√ø¬ø√ø√ø√ø√ø√ø√ø√ø√ø√ø√∏,
84,513244,4,72,1,540000,7-50-7-288-68496509,400,√ø√ø√ø√ø√ø√ø√ø√ø√ø√ø√ø√ø√ø√ø√ø√ø√ø√ø√ø√ø√ø√ø√ø√ø√ø√ø√ø√ø√ø√ø√ø√ø√ø√ø√ø√ø√ø√ø√ø√ø√ø√ø√ø√ø√ø√ø√ø√ø√ø√ø,
85,513244,4,72,2,540000,7-50-7-288-68496509,106,√ø√ø√ø√Ø√ø√ø√ø√ø√ø√∑√ø√ø√ø√Ä,
86,513244,4,74,0,540000,7-50-7-288-68496637,77,√ø√ø√ø√ø√ø√ø√≠√ø√ø√∏,
87,513244,4,76,0,540000,7-50-7-288-68496997,39,√ø√ø√ø¬Ä,
88,513244,4,79,0,540000,7-50-7-288-68499288,115,√ø√ø√ø√ø√ø√ø√ø√ø√ø√ø√ø√ø√Ø√ø√†,
89,513244,4,81,0,540000,7-50-7-288-68501364,258,√ø√ø√ø√ø√ø√ø√ø√ø√ø√ø√ø√ø√ø√ø√ø√ø√ø√ø√ø√ø√ø√ø√ø√ø√ø√ø√ø√ø√ø√ø√ø√ø¬Ä,
90,513244,4,82,0,540000,7-50-7-288-68501364,14,√ø√∏,
91,513244,4,83,0,540000,7-50-7-288-68501364,105,√ø√ø√ø√ø√ø√ø√ø√ø√ø√ø√ø√ø√æ,
92,513244,4,84,1,540000,7-50-7-288-68501364,400,√ø√ø√ø√ø√ø√ø√ø√ø√ø√ø√ø√ø√ø√Ω√ø√ø√ø√ø√ø√ø√ø√ø¬è?√ø√ø√ø√ø√ø√ø√ø√ø√ø√ø√ø√ø√ø√ø√ø√ø√ø√ø√ø√ø√ø√ø√ø√ø√ø√ø,
93,513244,4,84,2,540000,7-50-7-288-68501364,384,√ø√ø√ø√ø√ø√ø√ø√ø√ø√ø√ø√ø√ø√ø√ø√ø√ø√ø√ø√ø√ø√ø√ø√ø√ø√ø√ø√ø√ø√ø√ø√ø√ø√ø√ø√ø√ø√∑√ø√ø√ø√ø√ø√ø√ø√ø√ø√ø,
94,513244,4,85,0,540000,7-50-7-288-68501364,4,√†,
95,513244,4,86,0,540000,7-50-7-288-68501506,252,√ø√ø√ø√ø√ø√ø√ø√ø√ø√ø√ø√ø√ø√ø√ø√ø√ø√ø√ø√ø√ø√ø√ø√ø√ø√ø√ø√ø√ø√ø√ø√Ä,
96,513244,4,87,0,540000,7-50-7-288-68506713,128,√ø√ø√ø√ø√ø√ø√ø√ø√ø√ø√ø√ø√ø√ø√ø√æ,
97,513244,4,88,0,540000,7-50-7-288-68506713,134,√ø√ø√ø√ø√ø√ø√ø√ø√ø√ø√ø√ø√ø√ø√ø√ø√∏,
98,513244,4,89,1,540000,7-50-7-288-68506713,400,√ø√ø√ø√ø√ø√ø√ø√ø√ø√ø√ø√ø√ø√ø√ø√ø√ø√ø√ø√ø√ø√ø√ø√ø√ø√ø√ø√ø√ø√ø√ø√ø√ø√ø√ø√ø√ø√ø√ø√ø√ø√ø√ø√ø√ø√ø√≥¬ø√ø,
99,513244,4,89,2,540000,7-50-7-288-68506713,374,√ø√ø√ø√ø√ø√ø√ø√ø√ø√ø√ø√∏√ø√ø√ø√ø√ø√ø√ø√ø√ø√ø√ø√ø√ø√ø√ø√ø√ø√ø√ø√ø√ø√ø√ø√ø√ø√ø√ø√ø√ø√ø√ø√ø√ø√º,
100,513244,4,90,0,540000,7-50-7-288-68506713,131,√ø√ø√ø√ø√ø√ø√ø√ø√ø√ø√ø√ø√ø√ø√ø√ø√Ä,
101,513244,4,91,0,540000,7-50-7-288-68506713,57,√ø√ø√ø√ø√ø√ø√ø,
102,513244,4,92,0,540000,7-50-7-288-68507561,269,√ø√ø√ø√ø√ø√ø√ø√ø√ø√ø√ø√ø√ø√ø√ø√ø√ø√ø√ø√ø√ø√ø√ø√ø√ø√ø√ø√ø√ø√ø√ø√ø√ø√∞,
103,513244,4,93,0,540000,7-50-7-288-68509481,219,√ø√ø√ø√ø√ø√ø√ø√ø√ø√ø√ø√ø√ø√ø√ø√ø√ø√ø√ø√ø√ø√ø√ø√æ√ø√ø√ø√Ä,
104,513244,4,94,0,540000,7-50-7-288-68511013,32,√ø√ø√ø√æ,
105,513244,4,95,1,540000,7-50-7-288-68511138,400,√ø√ø√ø√ø√ø√ø√ø√ø√ø√ø√ø√ø√ø√ø√ø√ø√ø√ø√ø√ø√ø√ø√ø√ø√ø√ø√ø√ø√ø√ø√ø√ø√ø√ø√ø√ø√ø√ø√ø√ø√ø√ø√ø√ø√ø√ø√ø√ø√ø√ø,
106,513244,4,95,2,540000,7-50-7-288-68511138,340,√ø√ø√ø√ø√ø√ø√ø√ø√ø√ø√ø√ø√ø√ø√ø√ø√ø√ø√ø√ø√ø√ø√ø√ø√ø√ø√ø√ø√ø√ø√ø√ø√ø√ø√ø√ø√ø√ø√ø√ø√ø√ø√†,
107,513244,4,96,1,540000,7-50-7-288-68511372,400,√ø√ø√ø√ø√ø√ø√ø√ø√ø√ø√ø√ø√ø√ø√ø√ø√ø√ø√ø√ø√ø√ø√ø√ø√ø√ø√ø√ø√ø√ø√ø√ø√ø√ø√ø√ø√ø√ø√ø√ø√ø√ø√ø√ø√ø√ø√ø√ø√ø√ø,
108,513244,4,96,2,540000,7-50-7-288-68511372,329,√ø√ø√ø√ø√ø√ø√ø√ø√ø√ø√ø√ø√ø√ø√ø√ø√ø√ø√ø√ø√ø√ø√ø√ø√ø√ø√ø√ø√ø√ø√ø√ø√ø√ø√ø√ø√ø√ø√ø√ø√ø,
109,513244,4,97,0,540000,7-50-7-288-68512178,83,√ø√ø√ø√ø√ø√ø√ø√ø√ø√ø√Ä,
110,513244,4,98,0,540000,7-50-7-288-68512200,191,√ø√ø√ø√ø√ø√ø√ø√ø√ø√ø√ø√ø√ø√ø√ø√ø√ø√ø√ø√ø√ø√ø√ø√º,
111,513244,4,101,0,540000,7-50-7-288-68514203,274,√ø√†√ø√ø√ø√ø√ø√ø√ø√ø√ø√ø√ø√ø√ø√ø√ø√ø√ø√ø√ø√ø√ø√ø√ø√ø√ø√ø√ø√ø√ø√ø√ø√Ä,
112,513244,4,104,0,540000,7-50-7-288-68516119,137,√ø√ø√ø√ø√ø√ø√ø√ø√ø√ø√ø√ø√ø√ø√ø√ø√ø,
113,513244,4,107,0,540000,7-50-7-288-68517788,26,√ø√ø√ø¬Ä,
114,513244,4,108,0,540000,7-50-7-288-68518168,38,√ø√ø√ø√ø√∏,
115,513244,4,112,0,540000,7-50-7-288-68520806,73,√ø√ø√ø√ø√ø√ø√ø√ø√ø,
116,513244,4,117,0,540000,7-50-7-288-68522511,33,√ø√ø√ø√ø,
117,513244,4,119,0,540000,7-50-7-288-68522966,174,√ø√ø?√ø√ø√ø√ø√ø√ø√∏√ø√ø√ø√ø√ø√ø√ø√ø√ø√ø√º,
118,513244,4,121,0,540000,7-50-7-288-68523178,127,√ø√ø√ø√ø√ø√ø√ø√≥√ø√ø√ø√ø√ø√ø√ø√æ,
119,513244,4,122,0,540000,7-50-7-288-68523470,8,,
120,513244,4,150,0,540000,7-50-7-288-68529145,216,√ø√ø√ø√ø√ø√ø√ø√ø√ø√ø√ø√ø√ø√ø√ø√ø√ø√ø√ø√ø√ø√ø√ø√ø√ø√ø√æ,
121,513244,4,151,1,540000,7-50-7-288-68529635,400,√ø√ø√ø√ø√ø√ø√ø√ø√ø√ø√ø√ø√ø√ø√ø√ø√ø√ø√ø√ø√ø√ø√ø√ø√ø√ø√ø√ø√ø√ø√ø√ø√ø√ø√ø√ø√ø√ø√ø√ø√ø√ø√ø√ø√ø√ø√ø√ø√ø√ø,
122,513244,4,151,2,540000,7-50-7-288-68529635,397,√ø√ø√ø√ø√ø√ø√ø√ø√ø√ø√ø√ø√ø√ø√ø√ø√ø√ø√ø√ø√ø√ø√ø√ø√ø√ø√ø√ø√ø√ø√ø√ø√ø√ø√ø√ø√ø√ø√ø√ø√ø√ø√ø√ø√ø√ø√ø√ø√∏,
123,513244,4,152,1,540000,7-50-7-288-68529635,400,√ø√ø√ø√ø√ø√ø√ø√ø√ø√ø√ø√ø√ø√ø√ø√ø√ø√ø√ø√ø√ø√ø√ø√ø√ø√ø√ø√ø√ø√ø√ø√ø√ø√ø√ø√ø√ø√ø√ø√ø√ø√ø√ø√ø√ø√ø√ø√ø√ø√ø,
124,513244,4,152,2,540000,7-50-7-288-68529635,329,√ø√ø√ø√ø√ø√ø√ø√ø√ø√ø√ø√ø√ø√ø√ø√ø√ø√ø√ø√ø√ø√ø√ø√ø√ø√ø√ø√ø√ø√ø√ø√ø√ø√ø√ø√ø√ø√ø√ø√ø√Ø¬Ä,
125,513244,4,153,1,540000,7-50-7-288-68531471,400,√ø√ø√ø√ø√ø√ø√ø√ø√ø√ø√ø√ø√ø√ø√ø√ø√ø√ø√ø√ø√ø√ø√ø√ø√ø√ø√ø√ø√ø√ø√ø√ø√ø√ø√ø√ø√ø√ø√ø√ø√ø√ø√ø√ø√ø√ø√ø√ø√ø√≠,
126,513244,4,153,2,540000,7-50-7-288-68531471,336,√ø√ø√ø√ø√ø√ø√ø√ø√ø√ø√ø√ø√ø√ø√ø√ø√ø√ø√ø√ø√ø√ø√ø√ø√ø√ø√ø√ø√ø√ø√ø√ø√ø√ø√ø√ø√ø√ø√ø√ø√ø√æ,
127,513244,4,154,0,540000,7-50-7-288-68531471,298,√ø√ø√ø√ø√ø√ø√ø√ø√ø√ø√ø√ø√ø√ø√ø√ø√ø√ø√ø√ø√ø√ø√ø√ø√ø√ø√ø√ø√ø√ø√ø√ø√ø√ø√ø√ø√ø¬Ä,
128,513244,4,155,0,540000,7-50-7-288-68531471,281,√ø√ø√ø√ø√ª√ø√ø√ø√ø√ø√ø√ø√ø√ø√ø√ø√ø√ø√ø√ø√ø√ü√ø√ø√ø√ø√ø√ø√ø√ø√ø√ø√ø√ø√ø¬Ä,
129,513244,4,156,1,540000,7-50-7-288-68531471,400,√ø√ø√ø√ø√ø√ø√ø√ø√ø√ø√ø√ø√ø√ø√ø√ø√ø√ø√ø√ø√ø√ø√ø√ø√ø√ø√ø√ø√ø√ø√ø√ø√ø√ø√ø√ø√ø√ø√ø√ø√ø√ø√ø√ø√ø√ø√ø√ø√ø√ø,
130,513244,4,156,2,540000,7-50-7-288-68531471,214,√ø√ø√ø√ø√ø√ø√ø√ø√ø√ø√ø√ø√ø¬ø√ø√ø√ø√ø√ø√ø√ø√ø√ø√ø√ø√ø√∏,
131,513244,4,158,1,540000,7-50-7-288-68535358,400,√ø√ø√ø√ø√ø√ø√ø√ø√ø√ø√ø√ø√ø√ø√ø√ø√ø√ø√ø√ø√ø√ø√ø√ø√ø√ø√ø√ø√ø√ø√ø√ø√ø√ø√ø√ø√ø√ø√ø√ø√ø√ø√ø√ø√ø√ø√ø√ø√ø√ø,
132,513244,4,158,2,540000,7-50-7-288-68535358,120,√ø√ø√ø√ø√ø√ø√ø√ø√ø√ø√ø√ø√ø√ø√º,
133,513244,4,159,1,540000,7-50-7-288-68535358,400,√ø√ø√ø√ø√ø√ø√ø√ø√ø√ø√ø√ø√ø√ø√ø√ø√ø√ø√ø√ø√ø√ø√ø√ø√ø√ø√ø√ø√ø√ø√ø√ø√ø√ø√ø√ø√ø√ø√ø√ø√ø√ø√ø√ø√ø√ø√ø√ø√ø,
134,513244,4,159,2,540000,7-50-7-288-68535358,253,√ø√ø√ø√ø√ø√ø√ø√ø√ø√ø√ø√ø√ø√ø√ø√ø√ø√ø√ø√ø√ø√ø√ø√ø√ø√ø√ø√ø√ø√ø√ø√∞,
135,513244,4,160,0,540000,7-50-7-288-68536673,309,√ø√ø√ø√ø√ø√ø√ø√ø√ø√ø√ø√ø√ø√ø√ø√ø√ø√ø√ø√ø√ø√ø√ø√ø√ø√ø√ø√ø√ø√ø√ø√ø√ø√ø√ø√ø√ø√ø√∞,
136,513244,4,161,0,540000,7-50-7-288-68536673,41,√ø√ø√ø√ø√ø,
137,513244,4,162,0,540000,7-50-7-288-68537383,277,√ø√ø√ø√ø√ø√ø√ø√ø√ø√ø√ø√ø√ø√ø√ø√ø√ø√ø√ø√ø√ø√ø√ø√ø√ø√ø√ø√ø√ø√ø√ø√ø√ø√ø√∞,
138,513244,4,163,0,540000,7-50-7-288-68538710,27,√ø√ø√ø√Ä,
139,513244,4,164,0,540000,7-50-7-288-68538710,308,√ø√ø√ø√ø√ø√ø√ø√ø√ø√ø√ø√ø√ø√ø√ø√ø√ø√ø√ø√ø√ø√ø√ø√ø√ø√ø√ø√ø√ø√ø√ø√ø√ø√ø√ø√ø√ø√ø√†,
140,513244,4,165,0,540000,7-50-7-288-68544558,68,√†,
141,513244,4,166,0,540000,7-50-7-288-68544558,5,,
142,513244,4,167,0,540000,7-50-7-288-68545389,55,√ø√ø√ø√ø√ø√ø√º,
143,513244,4,168,0,540000,7-50-7-288-68545389,16,√ø√æ,
144,513244,4,169,0,540000,7-50-7-288-68545389,77,√ø√ø√ø√ø√ø√ø√ø√ø√ø√∞,
145,513244,4,170,1,540000,7-50-7-288-68545699,400,√ø√ø√ø√ø√ø√ø√ø√ø√ø√ø√ø√ø√ø√ø√ø√ø√ø√ø√ø√ø√ø√ø√ø√ø√ø√ø√ø√ø√ø√ø√ø√ø√ø√ø√ø√ø√ø√ø√ø√ø√ø√ø√ø√ø√ø√ø√ø√ø√ø√ø,
146,513244,4,170,2,540000,7-50-7-288-68545699,234,√ø√ø√ø√ø√ø√ø√ø√ø√ø√ø√ø√ø√ø√ø√ø√ø√ø√ø√ø√ø√ø√ø√ø√ø√ø√ø√ø√ø√ø¬Ä,
147,513244,4,171,1,540000,7-50-7-288-68546267,400,√ø√ø√ø√ø√ø√ø√ø√ø√ø√ø√ø√ø√ø√ø√ø√ø√ø√ø√ø√ø√ø√ø√ø√ø√ø√ø√ø√ø√ø√ø√ø√ø√ø√ø√ø√ø√ø√ø√ø√ø√ø√ø√ø√ø√ø√ø√ø√ø√ø√ø,
148,513244,4,171,2,540000,7-50-7-288-68546267,170,√π√ø√ø√ø√ø√ø√ø√ø√ø√Ø¬ø√ø√ø√ø√ø√ø√ø√ø√ø√ø√ø√Ä,
149,513244,4,172,0,540000,7-50-7-288-68546516,247,√ø√æ√ø√ø√ø√ø√ø√ø√ø√ø√ø√ø√ø√ø√ø√ø√ø√ø√ø√ø√ø√ø√ø√ø√ø√ø√ø√ø√ø√ø√∏,
150,513244,4,173,0,540000,7-50-7-288-68547046,27,√ø√ø√ø√Ä,
151,513244,4,174,0,540000,7-50-7-288-68547046,6,√∏,
152,513244,4,175,1,540000,7-50-7-288-68547903,400,√ø√ø√ø√ø√ø√ø√ø√ø√ø√ø√ø√ø√ø√ø√ø√ø√ø√ø√ø√ø√ø√ø√ø√ø√ø√ø√ø√ø√ø√ø√ø√ø√ø√ø√ø√ø√ø√ø√ø√ø√ø√ø√ø√ø√ø√ø√ø√ø√ø√ø,
153,513244,4,175,2,540000,7-50-7-288-68547903,215,√ø√ø√ø√ø√ø√ø√ø√ø√ø√ø√ø√ø√ø√ø√ø√ø√ø√ø√ø√ø√ø√ø√ø√ø√ø√ø√∏,
154,513244,4,176,1,540000,7-50-7-288-68547903,400,√ø√ø√ø√ø√ø√ø√ø√ø√ø√ø√ø√ø√ø√ø√ø√ø√ø√ø√ø√ø√ø√ø√ø√ø√ø√ø√ø√ø√ø√ø√ø√ø√ø√ø√ø√ø√ø√ø√ø√ø√ø√ø√ø√ø√ø√ø√ø√ø√ø,
155,513244,4,176,2,540000,7-50-7-288-68547903,5,√∞,
156,513244,4,177,0,540000,7-50-7-288-68548647,345,√ø√ø√ø√ø√ø√ø√ø√ø√ø√ø√ø√ø√ø√ø√ø√ø√ø√ø√ø√ø√ø√ø√ø√ø√ø√ø√ø√Ω√ø√ø√ø√ø√ø√ø√ø√ø√ø√ø√ø√ø√ø√ø√ø,
157,513244,4,178,0,540000,7-50-7-313-39394852,66,√ø√ø√ø√ø√ø√ø√ø√ø¬Ä,
158,513244,4,179,0,540000,7-50-7-313-39401026,206,√ø√ø√ø√ø√ø√ø√ø√ø√ø√ø√ø√ø√ø√ø√ø√ø√ø√ø√ø√ø√ø√ø√ø√ø√ø√∞,
159,513244,4,180,0,540000,7-50-7-313-39401054,98,√ø√ø√ø√ø√ø√ø√ø√ø√ø√ø√ø√ø¬Ä,
160,513244,4,183,0,540000,7-50-7-313-39405362,32,√ø√ø√ø√æ,
161,513244,4,184,0,540000,7-50-7-313-39432110,20,√ø√ø√†,
162,513244,4,185,0,540000,7-50-7-313-39444185,116,√ø√ø√ø√ø√ø√á√ø√ø√ø√ø√æ√ø√ø√ø¬Ä,
163,513244,4,186,0,540000,7-50-7-313-39449548,26,√ø√ø√ø¬Ä,
164,513244,4,187,0,540000,7-50-7-313-39449548,43,√ø√ø√ø√ø√ø√Ä,
165,513244,4,188,1,540000,7-50-7-325-52062086,400,√ø√ø√ø√ø√ø√ø√ø√ø√ø√ø√ø√ø√ø√ø√ø√ø√ø√ø√ø√ø√ø√ø√ø√ø√ø√ø√ø√ø√ø√ø√ø√ø√ø√ø√ø√ø√ø√ø√ø√ø√ø√ø√ø√ø√ø√ø√ø√ø√ø√ø,
166,513244,4,188,2,540000,7-50-7-325-52062086,307,√ø√ø√ø√ø√ø√ø√ø√ø√ø√ø√ø√ø√ø√ø√ø√ø√ø√ø√ø√ø√ø√ø√ø√ø√ø√ø√ø√ø√ø√ø√ø√ø√ø√ø√ø√ø√ø√ø√Ä,
167,513244,4,189,0,540000,7-50-7-325-52062086,317,√ø√ø√ø√ø√ø√ø√ø√ø√ø√ø√ø√ø√ø√ø√ø√ø√ø√ø√ø√ø√ø√ø√ø√Ω√ø√ø√ø√ø√ø√ø√ø√ø√ø√ø√ø√æ√ø√ø√∏,
168,513244,4,190,0,540000,7-50-7-325-52062086,6,√∏,
169,513244,4,191,0,540000,7-50-7-325-52062086,223,√ø√ø√ø√ø√ø√ø√ø√ø√ø√ø√ø√ø√ø√ø√ø√ø√ø√ø√ø√ø√ø√ø√ø√ø√ø√ø√ø√º,
170,513244,4,192,1,540000,7-50-7-325-52062093,400,√ø√ø√ø√ø√ø√ø√ø√ø√ø√ø√ø√ø√ø√ø√ø√ø√ø√ø√ø√ø√ø√ø√ø√ø√ø√ø√ø√ø√ø√ø√ø√ø√ø√ø√ø√ø√ø√ø√ø√ø√ø√ø√ø√ø√ø√ø√ø√ø√ø√ø,
171,513244,4,192,2,540000,7-50-7-325-52062093,319,√ø√ø√ø√ø√ø√ø√ø√ø√ø√ø√ø√ø√ø√ø√ø√ø√ø√ø√ø√ø√ø√ø√ø√ø√ø√ø√ø√ø√ø√ø√ø√ø√ø√ø√ø√ø√ø√ø√ø√º,
172,513244,4,193,0,540000,7-50-7-325-52062134,68,,
173,513244,4,194,0,540000,7-50-7-325-52062138,16,,
174,513244,4,195,1,540000,7-50-7-325-52062142,400,√ø√ø√ª√ø√ø√ø√ø√ø√ø√ø√ø√ø√ø√ø√ø√ø√ø√ø√ø√ø√ø√ø√ø√ø√ø√ø√ø√ø√ø√ø√ø√ø√ø√ø√ø√ø√ø√ø√ø√ø√ø√ø√ø√ø√ø√ø√ø√ø√ø√ø,
175,513244,4,195,2,540000,7-50-7-325-52062142,41,√ø√ø√ø√ø√ø,
176,513244,4,196,0,540000,7-50-7-325-52062142,217,√ø√ø√ø√ø√ø√ø√ø√ø√ø√ø√ø√ø√ø√ø√ø√ø√ø√ø√ø√ø√†√ø√ø√ø√ø√ø,
177,513244,4,197,0,540000,7-50-7-325-52062142,315,√ø√ø√ø√ø√ø√ø√ø√ø√ø√ø√ø√ø√ø√ø√ø√ø√ø√ø√ø√ø√ø√ø√ø√ø√ø√ø√ø√ø√ø√ø√ø√ø√ø√ø√ø√ø√ø√ø√ø√Ä,
178,513244,4,198,1,540000,7-50-7-325-52062142,400,√ø√ø√ø√ø√ø√ø√ø√ø√ø√ø√ø√Ω√ø√ø√ø√ø√ø√ø√ø√ø√∑√ø√ø√ø√ø√ø√ø√ø√ø√ø√ø√ø√ø√ø√ø√ø√ø√ø√ø√ø√ø√ø√ø√ø√ø√ø√ø√ø√ø,
179,513244,4,198,2,540000,7-50-7-325-52062142,273,√ø√ø√ø√ø√ø√ø√ø√ø√ø√ø√ø√ø√ø√ø√ø√ø√ø√ø√ø√ø√ø√ø√ø√ø√ø√ø√ø√ø√ø√ø√ø√ø√ø√ø¬Ä,
